Timestamp,Occupancy,PIR,CO2_Level,WiFi_Devices,Radio_RSSI,Door_Open,Image_People_Count
2025-01-01 00:00:00,1,1,400.0,2,-67.86055440852323,0,3
2025-01-01 00:01:00,0,0,400.0,0,-82.15752087384045,0,0
2025-01-01 00:02:00,0,0,400.0,0,-74.5276932645001,0,0
2025-01-01 00:03:00,1,1,400.0,2,-52.46742475821992,0,3
2025-01-01 00:04:00,1,0,406.1426145981911,5,-89.69415802049284,0,1
2025-01-01 00:05:00,1,0,414.7761676073082,7,-71.16868351975967,0,3
2025-01-01 00:06:00,0,0,410.09642066770004,0,-76.6395030008058,0,0
2025-01-01 00:07:00,0,0,409.00417823100935,0,-84.01022677452626,0,0
2025-01-01 00:08:00,0,0,407.4718004310511,0,-73.46648393920142,0,0
2025-01-01 00:09:00,1,1,413.78096898422535,4,-51.29419942784313,1,2
2025-01-01 00:10:00,1,0,422.859951612351,2,-76.3829968134586,0,1
2025-01-01 00:11:00,0,0,418.1281508724801,0,-77.94613370762656,0,0
2025-01-01 00:12:00,0,0,416.31984054777934,0,-73.94044803944973,0,0
2025-01-01 00:13:00,0,0,413.32347059061243,0,-77.30425104211001,0,0
2025-01-01 00:14:00,0,0,408.7236582855862,0,-76.34880448068427,0,0
2025-01-01 00:15:00,0,0,403.89819945817106,0,-74.44386636592517,1,0
2025-01-01 00:16:00,0,0,400.8333750511491,0,-75.91326237510195,0,0
2025-01-01 00:17:00,0,0,400.0,0,-79.1170939614525,0,0
2025-01-01 00:18:00,1,0,401.82087197408003,2,-81.04320125736463,0,1
2025-01-01 00:19:00,0,0,400.0,0,-88.95902643959171,0,0
2025-01-01 00:20:00,1,1,406.8439349901001,1,-58.658246007508104,1,2
2025-01-01 00:21:00,0,0,402.39936406827064,0,-70.96332388440862,0,0
2025-01-01 00:22:00,1,1,409.54372490933343,6,-60.28820571395148,0,0
2025-01-01 00:23:00,0,0,406.2328718581554,0,-70.79613626882619,0,0
2025-01-01 00:24:00,0,0,404.9220898801882,0,-82.17127391715019,0,0
2025-01-01 00:25:00,0,0,403.6954933890582,0,-75.50616544076601,0,0
2025-01-01 00:26:00,0,0,400.0,0,-83.4334923531194,0,0
2025-01-01 00:27:00,0,0,400.0,0,-82.81847970275639,0,0
2025-01-01 00:28:00,0,0,400.0,0,-77.92138332766646,0,0
2025-01-01 00:29:00,1,0,402.03582174570806,5,-80.21756088968252,0,1
2025-01-01 00:30:00,1,1,406.10506156210585,4,-52.28729040865599,0,2
2025-01-01 00:31:00,0,0,401.8590791901495,0,-73.6469008817403,0,0
2025-01-01 00:32:00,0,0,400.0,0,-86.13353127508977,0,0
2025-01-01 00:33:00,0,0,400.0,0,-87.3266541689845,0,0
2025-01-01 00:34:00,0,0,400.0,0,-75.09170893334492,0,0
2025-01-01 00:35:00,0,0,400.0,0,-87.25328104835592,0,0
2025-01-01 00:36:00,0,0,400.0,0,-77.81060112091534,0,0
2025-01-01 00:37:00,0,0,400.0,0,-84.66121328833553,0,0
2025-01-01 00:38:00,0,0,400.0,0,-85.00873227065614,0,0
2025-01-01 00:39:00,0,0,400.0,0,-87.38990491134217,0,0
2025-01-01 00:40:00,0,0,400.0,0,-85.56230664516862,0,0
2025-01-01 00:41:00,0,0,400.0,0,-84.09248466081651,0,0
2025-01-01 00:42:00,0,0,400.0,0,-72.00885049749562,0,0
2025-01-01 00:43:00,0,0,400.0,0,-80.42544825412777,0,0
2025-01-01 00:44:00,0,0,400.0,0,-70.97636186486066,0,0
2025-01-01 00:45:00,0,0,400.0,0,-74.73891157426137,0,0
2025-01-01 00:46:00,0,0,400.0,0,-75.67128110001957,0,0
2025-01-01 00:47:00,0,0,400.0,0,-71.38225182454737,0,0
2025-01-01 00:48:00,0,0,400.0,0,-70.47982406106618,0,0
2025-01-01 00:49:00,1,1,400.0,4,-59.43452258320201,0,1
2025-01-01 00:50:00,1,0,400.0,3,-71.11590944178272,0,0
2025-01-01 00:51:00,0,0,400.0,0,-75.70752896203835,0,0
2025-01-01 00:52:00,0,0,400.0,0,-80.42634826506767,0,0
2025-01-01 00:53:00,0,0,400.0,0,-83.52487421966512,0,0
2025-01-01 00:54:00,0,0,400.0,0,-76.99981721914152,0,0
2025-01-01 00:55:00,0,0,400.0,0,-78.7836692276983,0,0
2025-01-01 00:56:00,1,0,400.0,3,-86.26315162905067,0,2
2025-01-01 00:57:00,0,0,400.0,0,-87.49385540680353,0,0
2025-01-01 00:58:00,1,1,400.0,5,-66.442228709686,0,4
2025-01-01 00:59:00,0,0,400.0,0,-71.43289070908111,0,0
2025-01-01 01:00:00,0,0,400.0,0,-76.90742184329926,0,0
2025-01-01 01:01:00,0,0,400.0,0,-83.12783450737466,0,0
2025-01-01 01:02:00,0,0,400.0,0,-83.66559543601022,0,0
2025-01-01 01:03:00,1,1,400.0,3,-53.33590720993962,0,4
2025-01-01 01:04:00,0,0,400.0,0,-74.88341089002084,0,0
2025-01-01 01:05:00,0,0,400.0,0,-87.05167567332903,0,0
2025-01-01 01:06:00,0,0,400.0,0,-78.62229263672604,0,0
2025-01-01 01:07:00,0,0,400.0,0,-84.04375140810072,0,0
2025-01-01 01:08:00,0,0,400.0,0,-85.54125140958178,0,0
2025-01-01 01:09:00,0,0,400.0,0,-75.9903715608939,0,0
2025-01-01 01:10:00,0,0,400.0,0,-82.02605920111723,0,0
2025-01-01 01:11:00,0,0,400.0,0,-74.77649218946073,0,0
2025-01-01 01:12:00,1,1,400.0,2,-62.62710012399815,0,1
2025-01-01 01:13:00,0,0,400.0,0,-82.12054294126978,0,0
2025-01-01 01:14:00,0,0,400.0,0,-88.37258079749309,0,0
2025-01-01 01:15:00,1,1,400.0,2,-64.23335099543979,0,0
2025-01-01 01:16:00,0,0,400.0,0,-81.11762259261646,0,0
2025-01-01 01:17:00,0,0,400.0,0,-76.2655078602942,0,0
2025-01-01 01:18:00,0,0,400.0,0,-75.38802258537703,0,0
2025-01-01 01:19:00,0,0,400.0,0,-73.40262728017433,0,0
2025-01-01 01:20:00,0,0,400.0,0,-87.2932963555762,0,0
2025-01-01 01:21:00,0,0,400.0,0,-87.17353608093397,0,0
2025-01-01 01:22:00,1,1,400.0,3,-58.636475806201176,0,1
2025-01-01 01:23:00,0,0,400.0,0,-82.3927581300536,0,0
2025-01-01 01:24:00,0,0,400.0,0,-79.82876370890963,0,0
2025-01-01 01:25:00,0,0,400.0,0,-84.40173026841876,0,0
2025-01-01 01:26:00,1,1,400.0,1,-58.44866874166567,0,2
2025-01-01 01:27:00,0,0,400.0,0,-82.68765349858177,0,0
2025-01-01 01:28:00,0,0,400.0,0,-72.34063733015313,1,0
2025-01-01 01:29:00,1,0,400.0,2,-78.8181667761267,0,0
2025-01-01 01:30:00,0,0,400.0,0,-72.4307623065182,0,0
2025-01-01 01:31:00,0,0,400.0,0,-85.8857043408796,0,0
2025-01-01 01:32:00,1,1,400.0,2,-51.15674887402629,0,0
2025-01-01 01:33:00,0,0,400.0,0,-78.04242502487533,0,0
2025-01-01 01:34:00,0,0,400.0,0,-70.93398805697561,0,0
2025-01-01 01:35:00,1,0,400.0,4,-85.05756184052916,0,0
2025-01-01 01:36:00,1,0,400.0,4,-81.75709855628607,0,0
2025-01-01 01:37:00,1,1,400.0,1,-57.517724875088305,0,1
2025-01-01 01:38:00,1,0,400.0,3,-84.31863719180956,0,3
2025-01-01 01:39:00,0,0,400.0,0,-82.13210273688095,1,0
2025-01-01 01:40:00,0,0,400.0,0,-74.42804272709841,0,0
2025-01-01 01:41:00,0,0,400.0,0,-71.62729945117202,0,0
2025-01-01 01:42:00,0,0,400.0,0,-84.5375997550052,0,0
2025-01-01 01:43:00,0,0,400.0,0,-73.93984183449321,0,0
2025-01-01 01:44:00,0,0,400.0,0,-79.11886658732156,0,0
2025-01-01 01:45:00,0,0,400.0,0,-85.4975956161053,0,0
2025-01-01 01:46:00,0,0,400.0,0,-72.58568033465608,0,0
2025-01-01 01:47:00,0,0,400.0,0,-72.59955168587274,0,0
2025-01-01 01:48:00,1,0,400.0,3,-84.33825293135176,1,3
2025-01-01 01:49:00,0,0,400.0,0,-79.60822830800808,1,0
2025-01-01 01:50:00,0,0,400.0,0,-78.3690066033879,0,0
2025-01-01 01:51:00,0,0,400.0,0,-71.34159435930542,0,0
2025-01-01 01:52:00,0,0,400.0,0,-85.76045387698078,1,0
2025-01-01 01:53:00,1,0,400.0,3,-85.71624082438629,0,2
2025-01-01 01:54:00,0,0,400.0,0,-82.9563175957256,0,0
2025-01-01 01:55:00,1,1,400.0,4,-65.85734436143092,0,2
2025-01-01 01:56:00,1,0,400.0,3,-76.47032171722101,0,2
2025-01-01 01:57:00,1,1,400.0,2,-50.74644159595095,0,0
2025-01-01 01:58:00,0,0,400.0,0,-75.09132246244432,0,0
2025-01-01 01:59:00,0,0,400.0,0,-74.58211314961606,0,0
2025-01-01 02:00:00,0,0,400.0,0,-83.3805860764407,0,0
2025-01-01 02:01:00,0,0,400.0,0,-78.34655283366651,0,0
2025-01-01 02:02:00,0,0,400.0,0,-85.19235304721208,1,0
2025-01-01 02:03:00,0,0,400.0,0,-75.82656917407634,0,0
2025-01-01 02:04:00,1,1,400.0,1,-66.40404066984884,0,5
2025-01-01 02:05:00,0,0,400.0,0,-72.66988330401892,0,0
2025-01-01 02:06:00,1,0,400.0,1,-78.40548994751397,0,2
2025-01-01 02:07:00,0,0,400.0,0,-77.37010697404816,0,0
2025-01-01 02:08:00,1,1,400.0,2,-62.83461728321807,1,1
2025-01-01 02:09:00,0,0,400.0,0,-86.24341061501151,0,0
2025-01-01 02:10:00,0,0,400.0,0,-80.44250568119475,0,0
2025-01-01 02:11:00,0,0,400.0,0,-70.53675411098384,0,0
2025-01-01 02:12:00,1,0,400.0,7,-87.37341480345279,0,1
2025-01-01 02:13:00,0,0,400.0,0,-85.41487012488267,0,0
2025-01-01 02:14:00,0,0,400.0,0,-74.87761369231505,0,0
2025-01-01 02:15:00,1,0,400.0,2,-81.15838902623777,0,0
2025-01-01 02:16:00,0,0,400.0,0,-70.7765166927577,0,0
2025-01-01 02:17:00,0,0,400.0,0,-71.76030161976092,1,0
2025-01-01 02:18:00,1,0,400.0,4,-86.36696785017055,1,3
2025-01-01 02:19:00,0,0,400.0,0,-85.16318348300615,0,0
2025-01-01 02:20:00,0,0,400.0,0,-72.46025147158437,0,0
2025-01-01 02:21:00,0,0,400.0,0,-79.57527706002314,0,0
2025-01-01 02:22:00,0,0,400.0,0,-84.19941714837594,0,0
2025-01-01 02:23:00,0,0,400.0,0,-76.13718604122133,0,0
2025-01-01 02:24:00,0,0,400.0,0,-81.88137707366576,0,0
2025-01-01 02:25:00,0,0,400.0,0,-88.14773947101716,1,0
2025-01-01 02:26:00,1,1,400.0,3,-67.23715454910905,0,1
2025-01-01 02:27:00,0,0,400.0,0,-70.76124391097777,0,0
2025-01-01 02:28:00,0,0,400.0,0,-71.96160683141707,0,0
2025-01-01 02:29:00,0,0,400.0,0,-80.8445477879246,0,0
2025-01-01 02:30:00,0,0,400.0,0,-84.22098150411102,0,0
2025-01-01 02:31:00,0,0,400.0,0,-88.6999948883689,0,0
2025-01-01 02:32:00,0,0,400.0,0,-81.6559294460746,0,0
2025-01-01 02:33:00,0,0,400.0,0,-79.82610226171232,0,0
2025-01-01 02:34:00,0,0,400.0,0,-81.06575872656722,0,0
2025-01-01 02:35:00,1,1,400.0,2,-69.09994181268256,0,1
2025-01-01 02:36:00,1,0,400.0,3,-71.98004632042748,0,4
2025-01-01 02:37:00,0,0,400.0,0,-78.52391122849238,1,0
2025-01-01 02:38:00,0,0,400.0,0,-71.5731317733694,1,0
2025-01-01 02:39:00,0,0,400.0,0,-71.16208422522149,0,0
2025-01-01 02:40:00,0,0,400.0,0,-72.594915919303,0,0
2025-01-01 02:41:00,0,0,400.0,0,-82.80150792908518,0,0
2025-01-01 02:42:00,0,0,400.0,0,-84.60898464275988,0,0
2025-01-01 02:43:00,0,0,400.0,0,-85.98457969404248,0,0
2025-01-01 02:44:00,0,0,400.0,0,-82.88479252622552,0,0
2025-01-01 02:45:00,0,0,400.0,0,-87.35943841899561,0,0
2025-01-01 02:46:00,0,0,400.0,0,-71.11717572773904,0,0
2025-01-01 02:47:00,0,0,400.0,0,-81.14812755568006,0,0
2025-01-01 02:48:00,1,0,400.0,2,-86.99696487431437,1,3
2025-01-01 02:49:00,1,1,400.0,5,-62.449124693252294,0,1
2025-01-01 02:50:00,0,0,400.0,0,-88.29514387142721,0,0
2025-01-01 02:51:00,1,0,400.0,0,-81.19228815065222,1,2
2025-01-01 02:52:00,0,0,400.0,0,-70.81830014747925,0,0
2025-01-01 02:53:00,0,0,400.0,0,-83.42993534465788,0,0
2025-01-01 02:54:00,0,0,400.0,0,-83.98870580731854,0,0
2025-01-01 02:55:00,0,0,400.0,0,-79.65151411646433,0,0
2025-01-01 02:56:00,0,0,400.0,0,-82.22136191522884,0,0
2025-01-01 02:57:00,0,0,400.0,0,-73.67494239679966,0,0
2025-01-01 02:58:00,0,0,400.0,0,-78.39822921650222,0,0
2025-01-01 02:59:00,0,0,400.0,0,-81.31269722458099,0,0
2025-01-01 03:00:00,0,0,400.0,0,-89.92476804972382,0,0
2025-01-01 03:01:00,0,0,400.0,0,-82.53604170242699,0,0
2025-01-01 03:02:00,1,1,400.0,1,-56.66377934922551,0,2
2025-01-01 03:03:00,0,0,400.0,0,-76.18980122235715,0,0
2025-01-01 03:04:00,0,0,400.0,0,-74.52797399403123,0,0
2025-01-01 03:05:00,0,0,400.0,0,-82.376235787194,0,0
2025-01-01 03:06:00,0,0,400.0,0,-74.03894081589979,0,0
2025-01-01 03:07:00,0,0,400.0,0,-74.61362295763564,0,0
2025-01-01 03:08:00,1,0,400.0,5,-77.09821618137917,0,1
2025-01-01 03:09:00,0,0,400.0,0,-83.8937259750262,0,0
2025-01-01 03:10:00,1,0,400.0,0,-71.17363151146485,0,1
2025-01-01 03:11:00,1,0,400.0,3,-85.66790521471646,0,2
2025-01-01 03:12:00,0,0,400.0,0,-72.42800954559075,0,0
2025-01-01 03:13:00,0,0,400.0,0,-86.30230669849554,1,0
2025-01-01 03:14:00,1,1,400.0,4,-63.7649137374353,0,1
2025-01-01 03:15:00,0,0,400.0,0,-71.1346546157031,0,0
2025-01-01 03:16:00,0,0,400.0,0,-74.84954834661853,0,0
2025-01-01 03:17:00,1,0,400.0,1,-78.51175011605233,1,0
2025-01-01 03:18:00,1,0,400.0,2,-87.00999689578661,0,2
2025-01-01 03:19:00,1,0,400.0,3,-87.58009244059792,0,2
2025-01-01 03:20:00,0,0,400.0,0,-80.0468527806553,0,0
2025-01-01 03:21:00,1,0,400.0,4,-85.14032659272247,1,0
2025-01-01 03:22:00,0,0,400.0,0,-85.60319142057794,0,0
2025-01-01 03:23:00,0,0,400.0,0,-77.99622229054238,0,0
2025-01-01 03:24:00,0,0,400.0,0,-80.94366623556665,0,0
2025-01-01 03:25:00,1,1,400.0,2,-53.74725662017228,0,2
2025-01-01 03:26:00,0,0,400.0,0,-82.68708248093144,0,0
2025-01-01 03:27:00,1,0,400.0,2,-85.7890167858349,0,1
2025-01-01 03:28:00,0,0,400.0,0,-71.64089059404786,0,0
2025-01-01 03:29:00,0,0,400.0,0,-82.07676169012615,1,0
2025-01-01 03:30:00,0,0,400.0,0,-76.63586664305774,0,0
2025-01-01 03:31:00,0,0,400.0,0,-87.37582420803471,0,0
2025-01-01 03:32:00,0,0,400.0,0,-83.58358355967944,0,0
2025-01-01 03:33:00,0,0,400.0,0,-78.7473228490846,1,0
2025-01-01 03:34:00,0,0,400.0,0,-87.50004572472263,0,0
2025-01-01 03:35:00,0,0,400.0,0,-79.43770229914271,0,0
2025-01-01 03:36:00,1,1,400.0,4,-59.04104932982119,0,2
2025-01-01 03:37:00,1,0,400.0,4,-87.21103343737867,0,1
2025-01-01 03:38:00,1,1,400.0,3,-60.5052296191135,0,4
2025-01-01 03:39:00,1,0,400.0,1,-76.78988396351832,0,2
2025-01-01 03:40:00,0,0,400.0,0,-70.5682563192112,0,0
2025-01-01 03:41:00,0,0,400.0,0,-83.35075671529978,0,0
2025-01-01 03:42:00,0,0,400.0,0,-82.15772006410813,0,0
2025-01-01 03:43:00,1,0,400.0,2,-80.45321440036571,0,2
2025-01-01 03:44:00,0,0,400.0,0,-83.61865455557893,0,0
2025-01-01 03:45:00,0,0,400.0,0,-71.01981460980222,0,0
2025-01-01 03:46:00,0,0,400.0,0,-74.89053633433014,0,0
2025-01-01 03:47:00,0,0,400.0,0,-84.59594586443521,1,0
2025-01-01 03:48:00,1,0,400.0,0,-76.2401545459235,0,1
2025-01-01 03:49:00,1,1,400.0,4,-64.8191509586052,0,1
2025-01-01 03:50:00,0,0,400.0,0,-86.58108634111755,0,0
2025-01-01 03:51:00,0,0,400.0,0,-74.26478949730563,0,0
2025-01-01 03:52:00,0,0,400.0,0,-77.30550345506299,0,0
2025-01-01 03:53:00,0,0,400.0,0,-86.06581063079976,0,0
2025-01-01 03:54:00,1,0,400.0,2,-80.30803552477013,0,0
2025-01-01 03:55:00,1,1,400.0,5,-60.263635333460556,0,2
2025-01-01 03:56:00,1,0,400.0,5,-77.67735840593234,0,2
2025-01-01 03:57:00,0,0,400.0,0,-79.11617860565181,0,0
2025-01-01 03:58:00,1,0,400.0,4,-81.99085114139831,1,3
2025-01-01 03:59:00,1,0,400.0,3,-72.87024546677384,0,2
2025-01-01 04:00:00,0,0,400.0,0,-85.46056841657759,0,0
2025-01-01 04:01:00,0,0,400.0,0,-76.42313988538648,0,0
2025-01-01 04:02:00,0,0,400.0,0,-85.70800353705012,0,0
2025-01-01 04:03:00,0,0,400.0,0,-77.63608341432058,0,0
2025-01-01 04:04:00,0,0,400.0,0,-75.36526643492441,0,0
2025-01-01 04:05:00,0,0,400.0,0,-73.3191275752466,0,0
2025-01-01 04:06:00,1,1,400.0,2,-67.56653708852812,0,0
2025-01-01 04:07:00,0,0,400.0,0,-84.3618342318624,0,0
2025-01-01 04:08:00,0,0,400.0,0,-87.4048812136657,0,0
2025-01-01 04:09:00,0,0,400.0,0,-73.27579039780167,0,0
2025-01-01 04:10:00,0,0,400.0,0,-87.73573492019696,0,0
2025-01-01 04:11:00,1,1,400.0,4,-53.580850974630025,1,0
2025-01-01 04:12:00,1,1,400.0,2,-60.29860911649722,0,3
2025-01-01 04:13:00,1,1,400.0,2,-57.70614208862747,0,1
2025-01-01 04:14:00,0,0,400.0,0,-80.19574607054801,0,0
2025-01-01 04:15:00,0,0,400.0,0,-71.05371507403017,1,0
2025-01-01 04:16:00,0,0,400.0,0,-70.53630003514091,0,0
2025-01-01 04:17:00,0,0,400.0,0,-86.98507109307246,0,0
2025-01-01 04:18:00,1,0,400.0,2,-73.68018570241367,0,2
2025-01-01 04:19:00,0,0,400.0,0,-89.06118997660747,0,0
2025-01-01 04:20:00,1,0,400.0,2,-85.44903682399254,0,0
2025-01-01 04:21:00,1,1,400.0,3,-68.64680131721532,1,1
2025-01-01 04:22:00,0,0,400.0,0,-79.11678047447819,0,0
2025-01-01 04:23:00,1,0,400.0,0,-89.94543950343115,0,0
2025-01-01 04:24:00,1,0,400.0,5,-87.18248759203622,0,3
2025-01-01 04:25:00,1,1,400.0,3,-60.43101831068468,0,2
2025-01-01 04:26:00,1,0,400.0,2,-78.02527142878942,0,3
2025-01-01 04:27:00,0,0,400.0,0,-71.27110382878458,0,0
2025-01-01 04:28:00,1,1,400.0,2,-55.150665225961795,0,2
2025-01-01 04:29:00,0,0,400.0,0,-85.61074459742946,0,0
2025-01-01 04:30:00,0,0,400.0,0,-85.82096776140797,0,0
2025-01-01 04:31:00,0,0,400.0,0,-80.76046973252524,1,0
2025-01-01 04:32:00,0,0,400.0,0,-79.20963285561345,1,0
2025-01-01 04:33:00,0,0,400.0,0,-78.34544691950849,0,0
2025-01-01 04:34:00,0,0,400.0,0,-84.04835883287724,0,0
2025-01-01 04:35:00,1,0,400.0,3,-76.31097603265576,0,2
2025-01-01 04:36:00,0,0,400.0,0,-78.64757852974854,0,0
2025-01-01 04:37:00,0,0,400.0,0,-86.62846624701203,0,0
2025-01-01 04:38:00,0,0,400.0,0,-77.02074004430598,1,0
2025-01-01 04:39:00,0,0,400.0,0,-82.17340830568106,0,0
2025-01-01 04:40:00,1,0,400.0,3,-77.45011174956646,0,0
2025-01-01 04:41:00,1,1,400.0,2,-68.0692609061193,0,2
2025-01-01 04:42:00,0,0,400.0,0,-86.05183982337961,0,0
2025-01-01 04:43:00,1,1,400.0,3,-58.0992914432138,0,2
2025-01-01 04:44:00,0,0,400.0,0,-81.44292593217452,0,0
2025-01-01 04:45:00,0,0,400.0,0,-79.46314849149724,0,0
2025-01-01 04:46:00,0,0,400.0,0,-82.90614067434572,0,0
2025-01-01 04:47:00,1,0,400.0,6,-75.01950334781974,0,1
2025-01-01 04:48:00,0,0,400.0,0,-70.04344026054609,0,0
2025-01-01 04:49:00,0,0,400.0,0,-83.06046727637377,0,0
2025-01-01 04:50:00,0,0,400.0,0,-88.19322276610069,0,0
2025-01-01 04:51:00,0,0,400.0,0,-85.7900085881666,0,0
2025-01-01 04:52:00,0,0,400.0,0,-84.6729101403535,0,0
2025-01-01 04:53:00,0,0,400.0,0,-70.3826179163279,0,0
2025-01-01 04:54:00,1,0,400.0,5,-87.1568069095593,0,1
2025-01-01 04:55:00,1,0,400.0,4,-82.92241202248769,0,2
2025-01-01 04:56:00,0,0,400.0,0,-72.26667303384815,0,0
2025-01-01 04:57:00,1,0,400.0,1,-84.02360551829881,0,0
2025-01-01 04:58:00,1,0,400.0,7,-80.5297701036882,0,3
2025-01-01 04:59:00,1,0,400.0,6,-87.15635168192065,0,1
2025-01-01 05:00:00,0,0,400.0,0,-73.71111680365392,0,0
2025-01-01 05:01:00,0,0,400.0,0,-72.68564460406678,0,0
2025-01-01 05:02:00,1,1,400.0,4,-58.46894426927452,0,1
2025-01-01 05:03:00,0,0,400.0,0,-84.78436400303329,1,0
2025-01-01 05:04:00,0,0,400.0,0,-76.32670393380536,0,0
2025-01-01 05:05:00,1,1,400.0,2,-51.9634983748748,0,1
2025-01-01 05:06:00,0,0,400.0,0,-78.4175574671137,0,0
2025-01-01 05:07:00,1,0,400.0,3,-71.31527905928024,0,4
2025-01-01 05:08:00,0,0,400.0,0,-78.85462470822857,0,0
2025-01-01 05:09:00,0,0,400.0,0,-86.38386318220502,0,0
2025-01-01 05:10:00,1,1,400.0,2,-54.92455319316598,1,1
2025-01-01 05:11:00,0,0,400.0,0,-73.9070682106983,0,0
2025-01-01 05:12:00,0,0,400.0,0,-86.21056841360058,0,0
2025-01-01 05:13:00,0,0,400.0,0,-79.79260998266089,0,0
2025-01-01 05:14:00,0,0,400.0,0,-86.83056192359044,0,0
2025-01-01 05:15:00,0,0,400.0,0,-80.01807322859648,0,0
2025-01-01 05:16:00,0,0,400.0,0,-76.23258462254026,0,0
2025-01-01 05:17:00,0,0,400.0,0,-84.72070315990241,0,0
2025-01-01 05:18:00,1,0,400.0,1,-73.37056630560234,0,5
2025-01-01 05:19:00,0,0,400.0,0,-87.07833308215268,1,0
2025-01-01 05:20:00,0,0,400.0,0,-81.25141425412848,0,0
2025-01-01 05:21:00,0,0,400.0,0,-80.15367268075497,0,0
2025-01-01 05:22:00,1,0,400.0,3,-85.73438768898231,0,0
2025-01-01 05:23:00,0,0,400.0,0,-70.09077823163392,0,0
2025-01-01 05:24:00,1,0,400.0,8,-85.84265415095753,0,0
2025-01-01 05:25:00,1,0,400.0,2,-80.6103027743051,1,0
2025-01-01 05:26:00,1,0,400.0,0,-86.28786645853917,0,4
2025-01-01 05:27:00,0,0,400.0,0,-86.38898191757397,0,0
2025-01-01 05:28:00,0,0,400.0,0,-73.4352112454016,0,0
2025-01-01 05:29:00,0,0,400.0,0,-72.00735789014112,1,0
2025-01-01 05:30:00,0,0,400.0,0,-85.39682107149329,0,0
2025-01-01 05:31:00,1,0,400.0,2,-89.06155280717262,0,1
2025-01-01 05:32:00,0,0,400.0,0,-79.59556945358347,0,0
2025-01-01 05:33:00,1,0,400.0,2,-71.26457527509959,0,1
2025-01-01 05:34:00,0,0,400.0,0,-77.78877602981318,0,0
2025-01-01 05:35:00,1,0,400.0,4,-78.87058397173674,0,2
2025-01-01 05:36:00,0,0,400.0,0,-72.2004989231255,0,0
2025-01-01 05:37:00,1,1,400.0,4,-69.59655744314641,1,1
2025-01-01 05:38:00,0,0,400.0,0,-85.53004293787383,0,0
2025-01-01 05:39:00,1,0,400.0,3,-70.08818632179296,1,1
2025-01-01 05:40:00,0,0,400.0,0,-74.81375891912629,0,0
2025-01-01 05:41:00,1,1,400.0,0,-60.75342016587975,0,1
2025-01-01 05:42:00,0,0,400.0,0,-76.64243542102868,1,0
2025-01-01 05:43:00,1,0,400.0,5,-89.38084501403266,1,0
2025-01-01 05:44:00,0,0,400.0,0,-80.3334895423685,0,0
2025-01-01 05:45:00,0,0,400.0,0,-79.21327094336968,0,0
2025-01-01 05:46:00,1,0,400.0,3,-71.76353890884977,0,2
2025-01-01 05:47:00,0,0,400.0,0,-71.42268820841353,0,0
2025-01-01 05:48:00,0,0,400.0,0,-78.00555029290106,0,0
2025-01-01 05:49:00,0,0,400.0,0,-84.93058732399084,0,0
2025-01-01 05:50:00,0,0,400.0,0,-82.10794123202871,0,0
2025-01-01 05:51:00,0,0,400.0,0,-79.6664563691254,0,0
2025-01-01 05:52:00,1,0,400.0,5,-89.55343901319031,0,0
2025-01-01 05:53:00,1,0,400.0,0,-86.85915969544068,0,3
2025-01-01 05:54:00,1,1,400.0,2,-58.34706589669238,0,1
2025-01-01 05:55:00,0,0,400.0,0,-76.39748004733814,0,0
2025-01-01 05:56:00,1,0,400.0,4,-80.36990629813504,0,2
2025-01-01 05:57:00,1,0,400.0,4,-83.01859531600337,0,5
2025-01-01 05:58:00,1,0,404.0809033324697,1,-76.72799886879451,0,2
2025-01-01 05:59:00,0,0,401.1775277663132,0,-80.07386035236462,0,0
2025-01-01 06:00:00,0,0,400.0,0,-77.47458088181313,0,0
2025-01-01 06:01:00,0,0,400.0,0,-81.12251868958609,0,0
2025-01-01 06:02:00,1,0,400.43271629334976,5,-78.16999574511597,0,3
2025-01-01 06:03:00,0,0,400.0,0,-71.42457139503813,0,0
2025-01-01 06:04:00,0,0,400.0,0,-71.62972528872756,0,0
2025-01-01 06:05:00,1,1,403.2555850092722,0,-61.65108591058768,0,0
2025-01-01 06:06:00,0,0,402.00851731273764,0,-71.10178683072803,0,0
2025-01-01 06:07:00,0,0,400.0232042264035,0,-79.15278716919586,1,0
2025-01-01 06:08:00,1,1,411.7589905894446,3,-54.34669846293043,0,0
2025-01-01 06:09:00,0,0,407.9245290993041,0,-85.70755590818494,0,0
2025-01-01 06:10:00,1,0,419.07303625732783,5,-71.68498296509536,0,3
2025-01-01 06:11:00,0,0,416.80857007455126,0,-72.93970695766878,0,0
2025-01-01 06:12:00,0,0,414.13787135291454,0,-70.22916614882114,1,0
2025-01-01 06:13:00,0,0,413.0600872265874,0,-72.12922689926125,0,0
2025-01-01 06:14:00,1,0,419.6334600149859,1,-89.6553081421045,0,0
2025-01-01 06:15:00,0,0,417.9527673231888,0,-72.23927881512756,0,0
2025-01-01 06:16:00,0,0,414.83731367857575,0,-84.7403561377073,0,0
2025-01-01 06:17:00,0,0,410.88508843472624,0,-70.88888747592257,0,0
2025-01-01 06:18:00,0,0,407.68169259356347,0,-75.61143754193728,0,0
2025-01-01 06:19:00,0,0,404.763809697379,0,-72.0732700829861,0,0
2025-01-01 06:20:00,0,0,402.9114295575621,0,-82.68047915391267,0,0
2025-01-01 06:21:00,0,0,400.5901921286895,0,-77.46234407254683,0,0
2025-01-01 06:22:00,0,0,400.0,0,-82.26339613029086,1,0
2025-01-01 06:23:00,1,1,408.9126195604109,2,-63.14357747741103,0,1
2025-01-01 06:24:00,1,0,414.3455240069495,2,-75.87678263045825,0,3
2025-01-01 06:25:00,1,1,424.1563976047265,1,-69.4072587861019,0,0
2025-01-01 06:26:00,0,0,419.8322776066461,0,-89.57624051472479,0,0
2025-01-01 06:27:00,0,0,416.9149573621237,0,-86.34298822720825,0,0
2025-01-01 06:28:00,1,0,428.48262714640435,6,-71.8693589742605,0,2
2025-01-01 06:29:00,1,1,437.5895733939713,3,-50.4661980594148,0,3
2025-01-01 06:30:00,0,0,432.9682360511866,0,-73.83833557026306,0,0
2025-01-01 06:31:00,0,0,431.64063190289085,0,-86.24257556893157,0,0
2025-01-01 06:32:00,0,0,427.7674960790952,0,-78.7470871543584,0,0
2025-01-01 06:33:00,0,0,426.35534187168463,0,-70.26041115533278,1,0
2025-01-01 06:34:00,0,0,423.08690410644067,0,-80.50095267254312,0,0
2025-01-01 06:35:00,1,0,427.47034746250426,6,-77.00807042147154,0,3
2025-01-01 06:36:00,0,0,425.28778959740043,0,-79.35097372788839,1,0
2025-01-01 06:37:00,1,0,435.0801730583564,0,-83.43518676532553,0,2
2025-01-01 06:38:00,0,0,430.9593015904688,0,-86.73932863507181,0,0
2025-01-01 06:39:00,1,1,439.223577317882,5,-69.63725851503948,0,3
2025-01-01 06:40:00,0,0,434.4837055234997,0,-85.01431942539666,0,0
2025-01-01 06:41:00,0,0,433.05795105030427,0,-70.05273578042741,0,0
2025-01-01 06:42:00,0,0,428.22066358767484,0,-77.35953215222352,0,0
2025-01-01 06:43:00,1,1,439.7602566653641,4,-68.6984952621793,0,2
2025-01-01 06:44:00,0,0,438.62980342221084,0,-78.69869215259973,1,0
2025-01-01 06:45:00,0,0,435.9272256602211,0,-85.87349037415957,0,0
2025-01-01 06:46:00,0,0,432.38620380409054,0,-84.72748042833568,0,0
2025-01-01 06:47:00,0,0,429.7437702110086,0,-85.35121417310002,0,0
2025-01-01 06:48:00,0,0,425.13227398015715,0,-74.26317508899287,1,0
2025-01-01 06:49:00,0,0,421.42530883115614,0,-85.68647893122433,0,0
2025-01-01 06:50:00,0,0,417.02056137542223,0,-88.30061491101603,0,0
2025-01-01 06:51:00,0,0,415.5249253404157,0,-80.03983659741702,0,0
2025-01-01 06:52:00,0,0,411.59668129862416,0,-76.72060638346962,0,0
2025-01-01 06:53:00,0,0,410.1974201309049,0,-84.99948793434908,0,0
2025-01-01 06:54:00,1,1,417.54164558227615,6,-61.73843303647617,0,4
2025-01-01 06:55:00,1,0,426.22434675358176,4,-84.98311224742714,0,2
2025-01-01 06:56:00,0,0,422.93651737745614,0,-74.78369442955419,0,0
2025-01-01 06:57:00,1,0,426.0504210458527,5,-72.29893254501917,0,0
2025-01-01 06:58:00,1,0,429.97499870924327,3,-79.89302034073488,0,0
2025-01-01 06:59:00,0,0,426.7025956896003,0,-84.7405566346293,0,0
2025-01-01 07:00:00,0,0,424.01236961111084,0,-73.87677473950785,0,0
2025-01-01 07:01:00,0,0,420.6097976222899,0,-78.09572824343995,0,0
2025-01-01 07:02:00,0,0,415.6433668235546,0,-88.48110419033343,0,0
2025-01-01 07:03:00,0,0,413.487833418365,0,-77.70385199623209,1,0
2025-01-01 07:04:00,1,0,422.7928713207682,4,-75.84195352649482,0,0
2025-01-01 07:05:00,0,0,418.4653244443748,0,-85.43844892161133,0,0
2025-01-01 07:06:00,0,0,416.6989492818847,0,-72.13841833744168,0,0
2025-01-01 07:07:00,0,0,414.77386082669005,0,-81.15177676712601,0,0
2025-01-01 07:08:00,0,0,413.17673749715544,0,-76.39472133363591,0,0
2025-01-01 07:09:00,1,0,423.1996633370661,3,-81.14142400023347,0,1
2025-01-01 07:10:00,1,0,436.76629784020537,4,-87.68632253247883,0,2
2025-01-01 07:11:00,0,0,434.99946367453435,0,-86.00988375233756,0,0
2025-01-01 07:12:00,1,0,445.72431082974356,1,-76.0273885437459,0,1
2025-01-01 07:13:00,0,0,442.43053933193926,0,-70.66221415929044,0,0
2025-01-01 07:14:00,0,0,440.6763955507212,0,-82.2407572762565,0,0
2025-01-01 07:15:00,0,0,438.61966727542153,0,-83.29907403956105,0,0
2025-01-01 07:16:00,0,0,437.43726554333824,0,-86.31515211915232,0,0
2025-01-01 07:17:00,0,0,436.11263846230264,0,-83.38739947937337,0,0
2025-01-01 07:18:00,1,0,446.3141929062779,0,-86.96919719144687,0,2
2025-01-01 07:19:00,1,1,456.4451625185994,1,-58.5821051332119,0,0
2025-01-01 07:20:00,0,0,454.45311064981763,0,-80.19716899860491,0,0
2025-01-01 07:21:00,0,0,452.28897553554543,0,-80.46907549438839,0,0
2025-01-01 07:22:00,0,0,450.5192018034995,0,-86.32837231162058,0,0
2025-01-01 07:23:00,0,0,447.7136296927711,0,-82.14030606492219,0,0
2025-01-01 07:24:00,1,0,453.54680733203116,4,-74.27292141322629,1,3
2025-01-01 07:25:00,1,0,466.4330511717794,4,-82.45224781232571,0,2
2025-01-01 07:26:00,0,0,465.3156113914262,0,-89.25741939966383,1,0
2025-01-01 07:27:00,0,0,461.5104772740844,0,-76.97459139775947,0,0
2025-01-01 07:28:00,1,1,466.7628744243838,2,-69.85850034547222,0,3
2025-01-01 07:29:00,0,0,462.80545050735964,0,-89.18789494674358,0,0
2025-01-01 07:30:00,0,0,458.3985610860114,0,-70.83857238994923,0,0
2025-01-01 07:31:00,1,0,466.8224257745335,3,-72.30722093855005,1,1
2025-01-01 07:32:00,0,0,462.2750535071801,0,-74.49679343830203,0,0
2025-01-01 07:33:00,0,0,457.6493308842936,0,-88.45173333992214,0,0
2025-01-01 07:34:00,0,0,454.30027035269126,0,-71.69751087378899,0,0
2025-01-01 07:35:00,0,0,452.02363950885353,0,-89.17001904535027,0,0
2025-01-01 07:36:00,0,0,447.9817487188447,0,-84.33217089349468,0,0
2025-01-01 07:37:00,1,0,458.4695426507226,4,-75.98105576287747,0,1
2025-01-01 07:38:00,0,0,453.70853264731016,0,-82.04740873181355,0,0
2025-01-01 07:39:00,0,0,449.3201312053813,0,-78.65037845689679,1,0
2025-01-01 07:40:00,0,0,445.7614283933719,0,-71.29698537375674,0,0
2025-01-01 07:41:00,0,0,444.1830397244507,0,-76.28133711460086,0,0
2025-01-01 07:42:00,1,0,450.5706431437139,3,-77.5504732217228,0,3
2025-01-01 07:43:00,0,0,446.5654607254922,0,-76.63822859013212,1,0
2025-01-01 07:44:00,0,0,445.4553734010678,0,-84.60992950021202,0,0
2025-01-01 07:45:00,1,0,456.202621424903,1,-77.47436555996407,1,1
2025-01-01 07:46:00,0,0,451.6566284772519,0,-75.75992011667938,0,0
2025-01-01 07:47:00,0,0,449.8739237725773,0,-70.46047027910005,0,0
2025-01-01 07:48:00,0,0,446.8101241234862,0,-81.16945987772735,0,0
2025-01-01 07:49:00,0,0,444.1391262405509,0,-71.68248302238734,0,0
2025-01-01 07:50:00,0,0,441.72079265325107,0,-89.59196436750989,0,0
2025-01-01 07:51:00,1,1,447.7306955891724,5,-56.90923885094286,1,0
2025-01-01 07:52:00,0,0,444.46237165861066,0,-85.28010296345997,0,0
2025-01-01 07:53:00,0,0,443.2595677145614,0,-72.81215233246884,0,0
2025-01-01 07:54:00,0,0,439.95171108270654,0,-72.78964553251532,0,0
2025-01-01 07:55:00,0,0,435.90235863487925,0,-85.44958314932556,0,0
2025-01-01 07:56:00,1,0,439.0443048943011,3,-76.36924019816661,0,0
2025-01-01 07:57:00,1,0,447.2357976154323,3,-81.82341344381365,0,2
2025-01-01 07:58:00,0,0,445.651966151567,0,-71.02365441005476,0,0
2025-01-01 07:59:00,0,0,442.3572252267472,0,-72.79747175302658,0,0
2025-01-01 08:00:00,0,0,440.3793041536974,0,-73.72717529190342,0,0
2025-01-01 08:01:00,0,0,435.79285168197504,0,-75.06596699213253,0,0
2025-01-01 08:02:00,0,0,432.00797912825004,0,-72.33802045992917,0,0
2025-01-01 08:03:00,1,0,439.5002216198275,5,-83.92311065541799,0,4
2025-01-01 08:04:00,0,0,435.4565649387725,0,-83.55525895102878,0,0
2025-01-01 08:05:00,1,0,443.175297840944,5,-83.46503595115824,0,1
2025-01-01 08:06:00,0,0,439.218103929663,0,-87.59047126776535,0,0
2025-01-01 08:07:00,0,0,438.0156766364583,0,-80.51689505595768,0,0
2025-01-01 08:08:00,1,1,445.007477233279,3,-66.9484855163004,0,1
2025-01-01 08:09:00,0,0,440.42935805049274,0,-88.64738549642854,0,0
2025-01-01 08:10:00,1,1,443.70245035508265,3,-53.0619191446792,0,3
2025-01-01 08:11:00,0,0,441.85926585629693,0,-74.14173931385062,0,0
2025-01-01 08:12:00,0,0,438.4864309206413,0,-83.11260511595722,0,0
2025-01-01 08:13:00,1,1,444.0437321423896,4,-62.90360558076631,0,6
2025-01-01 08:14:00,0,0,439.7814576649878,0,-74.50561404561356,0,0
2025-01-01 08:15:00,1,0,443.7758524803828,4,-85.9198344185362,0,3
2025-01-01 08:16:00,0,0,441.90567586019904,0,-81.58263829599787,0,0
2025-01-01 08:17:00,1,0,443.4348094654816,2,-77.16032668869994,1,1
2025-01-01 08:18:00,0,0,440.8796478693359,0,-83.75402482988459,0,0
2025-01-01 08:19:00,1,0,449.2297445539678,2,-79.59520199864373,0,1
2025-01-01 08:20:00,0,0,445.3115618360996,0,-72.36558627684181,0,0
2025-01-01 08:21:00,0,0,442.10582545849394,0,-85.60260844817644,0,0
2025-01-01 08:22:00,0,0,438.62788933474087,0,-80.54343705369399,1,0
2025-01-01 08:23:00,0,0,434.7297105875071,0,-84.44704707685544,0,0
2025-01-01 08:24:00,0,0,430.04142015611404,0,-81.55846928157628,0,0
2025-01-01 08:25:00,0,0,428.8447274984492,0,-76.88602230202646,0,0
2025-01-01 08:26:00,1,1,436.82911363727624,6,-64.54457920436147,0,0
2025-01-01 08:27:00,0,0,434.8868207569711,0,-84.6600106255262,0,0
2025-01-01 08:28:00,1,1,442.7901462660465,3,-64.12071477031934,0,3
2025-01-01 08:29:00,0,0,441.4831320730749,0,-86.92739136364081,0,0
2025-01-01 08:30:00,0,0,440.2102912326635,0,-71.61586071475456,1,0
2025-01-01 08:31:00,0,0,438.27442178386923,0,-79.8355804343587,0,0
2025-01-01 08:32:00,1,1,449.4255051916889,4,-67.77504144903376,0,4
2025-01-01 08:33:00,1,0,453.39925634695777,2,-72.60043727210238,0,3
2025-01-01 08:34:00,0,0,450.42824509238994,0,-80.06213076281702,1,0
2025-01-01 08:35:00,1,1,463.84058633253204,3,-50.22103156633507,0,1
2025-01-01 08:36:00,0,0,459.7163761487793,0,-89.02819916727836,0,0
2025-01-01 08:37:00,1,0,469.1629267776211,1,-83.02039311152778,0,2
2025-01-01 08:38:00,1,0,480.1204477415635,3,-79.1922524207769,0,4
2025-01-01 08:39:00,0,0,476.82514308185307,0,-75.75692786506549,1,0
2025-01-01 08:40:00,1,1,477.3148082577071,1,-56.236031706908165,0,5
2025-01-01 08:41:00,0,0,474.2775320345253,0,-75.3133884490788,0,0
2025-01-01 08:42:00,0,0,472.32492611772693,0,-72.0013126811705,0,0
2025-01-01 08:43:00,1,1,483.506610550404,1,-51.905838737815365,0,1
2025-01-01 08:44:00,0,0,481.31108735979444,0,-83.66342154628066,0,0
2025-01-01 08:45:00,0,0,480.2400998434402,0,-81.99813927439465,0,0
2025-01-01 08:46:00,1,1,490.0721722429939,6,-66.61877859232344,0,0
2025-01-01 08:47:00,0,0,487.44126775218234,0,-74.8962055474742,0,0
2025-01-01 08:48:00,1,1,496.7875693853609,4,-50.04583153662019,0,3
2025-01-01 08:49:00,0,0,494.81670271668315,0,-78.21756295693653,0,0
2025-01-01 08:50:00,0,0,491.06119812158477,0,-73.91414783761715,0,0
2025-01-01 08:51:00,1,0,496.56852479423213,5,-89.26195052896126,1,1
2025-01-01 08:52:00,0,0,493.1908204894121,0,-72.17936724111293,0,0
2025-01-01 08:53:00,0,0,491.52896773303394,0,-74.54933388873403,0,0
2025-01-01 08:54:00,0,0,490.4161107347603,0,-85.09333391698517,0,0
2025-01-01 08:55:00,0,0,487.2624272914798,0,-82.71919093816693,0,0
2025-01-01 08:56:00,0,0,482.3214822695831,0,-85.49659513446217,0,0
2025-01-01 08:57:00,0,0,480.82054265393595,0,-75.48335747003519,0,0
2025-01-01 08:58:00,0,0,478.6383530326998,0,-73.61639886003715,0,0
2025-01-01 08:59:00,0,0,474.4408591764812,0,-84.65332746631283,0,0
2025-01-01 09:00:00,0,0,473.2577207339439,0,-84.41505456031341,0,0
2025-01-01 09:01:00,1,0,476.1062101027434,4,-76.02643238361355,0,0
2025-01-01 09:02:00,1,0,482.5108548428064,3,-70.11390162687846,0,2
2025-01-01 09:03:00,1,1,484.4961654803106,5,-59.10158223527599,0,2
2025-01-01 09:04:00,0,0,481.86005424706076,0,-70.60082409028323,0,0
2025-01-01 09:05:00,0,0,477.69833415659457,0,-85.5239744898268,0,0
2025-01-01 09:06:00,0,0,476.15418774337087,0,-72.56310271388256,0,0
2025-01-01 09:07:00,0,0,475.06172508262983,0,-86.68938811673506,1,0
2025-01-01 09:08:00,1,1,482.3622707584199,1,-65.15940847003402,0,2
2025-01-01 09:09:00,0,0,477.6361933630609,0,-73.36004542882925,0,0
2025-01-01 09:10:00,0,0,472.72645108640205,0,-81.84212302781152,0,0
2025-01-01 09:11:00,0,0,468.8168974952528,0,-80.83829148186291,0,0
2025-01-01 09:12:00,0,0,464.5089494659102,0,-88.20151267932076,0,0
2025-01-01 09:13:00,0,0,463.3098514999547,0,-85.28424702088122,0,0
2025-01-01 09:14:00,0,0,458.5222009538467,0,-89.02695622498545,0,0
2025-01-01 09:15:00,0,0,457.12851738512546,0,-75.29865264825857,0,0
2025-01-01 09:16:00,0,0,452.3052814774216,0,-76.59251044867399,0,0
2025-01-01 09:17:00,0,0,451.28910754533314,0,-77.40038278885714,1,0
2025-01-01 09:18:00,1,0,452.8121464410105,2,-84.43909116627054,0,1
2025-01-01 09:19:00,0,0,449.62833073222384,0,-82.47700373922225,0,0
2025-01-01 09:20:00,0,0,445.3727709203036,0,-78.81086486359598,0,0
2025-01-01 09:21:00,0,0,441.1721217666212,0,-79.09368643318658,0,0
2025-01-01 09:22:00,0,0,437.8069947233714,0,-73.12717146189297,0,0
2025-01-01 09:23:00,0,0,436.0286304355104,0,-78.85325894808796,0,0
2025-01-01 09:24:00,0,0,434.0728554515598,0,-70.35073207898256,0,0
2025-01-01 09:25:00,0,0,430.77038105078714,0,-81.96873760992963,0,0
2025-01-01 09:26:00,0,0,427.12684835749985,0,-74.2618330243038,0,0
2025-01-01 09:27:00,0,0,422.56575046089574,0,-73.79428226759705,0,0
2025-01-01 09:28:00,0,0,421.11558707415355,0,-88.85977416467959,0,0
2025-01-01 09:29:00,0,0,418.1931099802822,0,-86.03319464290286,0,0
2025-01-01 09:30:00,1,0,427.80603746864847,1,-85.73411168364147,0,3
2025-01-01 09:31:00,1,0,440.95297725275725,5,-74.68265668788656,0,1
2025-01-01 09:32:00,1,0,451.774221496962,1,-74.9589051380745,0,3
2025-01-01 09:33:00,0,0,447.41505955785914,0,-83.84861404384782,0,0
2025-01-01 09:34:00,1,0,460.2231315283599,2,-71.52424572528437,0,2
2025-01-01 09:35:00,0,0,456.54264038604197,0,-78.25520796575164,0,0
2025-01-01 09:36:00,0,0,454.80187616832865,0,-74.41228037076759,0,0
2025-01-01 09:37:00,0,0,450.74929492654854,0,-86.65863514404796,0,0
2025-01-01 09:38:00,0,0,449.7187154082978,0,-77.57917315860409,0,0
2025-01-01 09:39:00,0,0,448.3140318455388,0,-85.66752354176889,1,0
2025-01-01 09:40:00,1,0,460.96166385578385,1,-79.45058571614553,1,4
2025-01-01 09:41:00,0,0,456.33812397543267,0,-76.93488796221652,0,0
2025-01-01 09:42:00,0,0,453.5751296630512,0,-84.87637847061023,0,0
2025-01-01 09:43:00,0,0,451.8841579481894,0,-73.418351444889,0,0
2025-01-01 09:44:00,0,0,449.299839915024,0,-77.16288902347296,0,0
2025-01-01 09:45:00,1,0,461.03430312054826,4,-89.84459942530852,0,2
2025-01-01 09:46:00,1,1,471.2068071601475,4,-50.751944978540365,0,7
2025-01-01 09:47:00,0,0,466.7842716731372,0,-78.44137226578277,0,0
2025-01-01 09:48:00,0,0,465.41582580686986,0,-73.99710560839982,1,0
2025-01-01 09:49:00,0,0,463.0901336883793,0,-77.6569658769539,1,0
2025-01-01 09:50:00,1,1,468.99677866490794,2,-60.19057295145165,0,3
2025-01-01 09:51:00,1,0,471.8262081305683,3,-84.2919107330735,0,0
2025-01-01 09:52:00,1,1,484.69948612426253,1,-66.28702551562645,0,3
2025-01-01 09:53:00,0,0,482.20863983070393,0,-84.64299774421013,0,0
2025-01-01 09:54:00,0,0,477.4213815461835,0,-84.66353749885042,0,0
2025-01-01 09:55:00,0,0,473.9795696631963,0,-80.55863502081128,0,0
2025-01-01 09:56:00,1,1,484.4240233427127,3,-64.33286655378554,0,1
2025-01-01 09:57:00,1,0,490.3942490002246,2,-83.05232687049208,0,1
2025-01-01 09:58:00,0,0,488.8556069271506,0,-73.63744106077583,0,0
2025-01-01 09:59:00,0,0,487.28596628563093,0,-84.50218405923732,0,0
2025-01-01 10:00:00,0,0,486.2177205330235,0,-73.2467214219468,0,0
2025-01-01 10:01:00,1,1,500.13428217553223,1,-51.617897188550415,0,0
2025-01-01 10:02:00,0,0,497.316245033772,0,-76.68329310135735,0,0
2025-01-01 10:03:00,0,0,496.08828508164953,0,-86.15541159141306,0,0
2025-01-01 10:04:00,0,0,494.3245239856347,0,-73.4393284906755,0,0
2025-01-01 10:05:00,1,1,500.9235462009185,3,-67.71240026936859,1,4
2025-01-01 10:06:00,1,1,504.9890057706672,5,-65.72928324617611,0,2
2025-01-01 10:07:00,0,0,501.7374639727959,0,-88.77913353949124,0,0
2025-01-01 10:08:00,0,0,500.47590374692686,0,-83.81577937249975,0,0
2025-01-01 10:09:00,0,0,497.7648844230138,0,-87.81353253097397,0,0
2025-01-01 10:10:00,0,0,493.8161645574123,0,-79.63710675457426,0,0
2025-01-01 10:11:00,0,0,490.9266386168272,0,-80.13026611023412,0,0
2025-01-01 10:12:00,1,0,498.4037876840607,5,-81.52550179871416,0,0
2025-01-01 10:13:00,0,0,497.2999468242326,0,-85.64651723340124,0,0
2025-01-01 10:14:00,0,0,494.2746270544672,0,-83.25397918944405,0,0
2025-01-01 10:15:00,1,0,500.26982993211396,2,-72.35016827933676,0,1
2025-01-01 10:16:00,0,0,496.445343877239,0,-85.65985266593395,0,0
2025-01-01 10:17:00,0,0,494.1353089843828,0,-81.87345655140311,1,0
2025-01-01 10:18:00,0,0,489.32419454273384,0,-85.43056866237332,1,0
2025-01-01 10:19:00,0,0,486.50839570912603,0,-80.31517038972413,0,0
2025-01-01 10:20:00,0,0,482.37064433529554,0,-74.9535818102017,0,0
2025-01-01 10:21:00,0,0,480.26521577359523,0,-86.74459785030035,1,0
2025-01-01 10:22:00,0,0,478.96375056089164,0,-89.69136378638727,0,0
2025-01-01 10:23:00,1,0,483.38692020254695,4,-84.0253252075221,0,2
2025-01-01 10:24:00,1,0,488.4117452573503,2,-86.28652646496768,0,5
2025-01-01 10:25:00,0,0,484.35279804128317,0,-85.71780393364322,0,0
2025-01-01 10:26:00,0,0,480.83326362112194,0,-70.83108879899845,1,0
2025-01-01 10:27:00,0,0,478.2045675010305,0,-70.48236202988515,0,0
2025-01-01 10:28:00,1,1,484.63430151661726,0,-67.51951697765682,0,0
2025-01-01 10:29:00,0,0,480.71332622543946,0,-82.73170198688453,0,0
2025-01-01 10:30:00,1,1,485.2803739391714,0,-66.67798056427768,0,1
2025-01-01 10:31:00,0,0,483.02865144047394,0,-86.18977018315609,0,0
2025-01-01 10:32:00,0,0,479.51949724086097,0,-71.21707895588585,0,0
2025-01-01 10:33:00,1,0,485.98648841820494,4,-85.20938012151512,0,0
2025-01-01 10:34:00,1,1,489.37998244715595,5,-55.08964895977638,0,2
2025-01-01 10:35:00,0,0,487.897264957058,0,-85.2610245786131,1,0
2025-01-01 10:36:00,1,0,491.86312772188603,3,-82.73480586905842,0,2
2025-01-01 10:37:00,0,0,488.1632318289426,0,-80.48802570276715,0,0
2025-01-01 10:38:00,1,0,496.2209217214493,5,-79.81350344473411,0,2
2025-01-01 10:39:00,1,1,497.84025685132053,3,-56.52558456064392,0,3
2025-01-01 10:40:00,1,0,508.9161847937969,2,-85.77136215444511,0,3
2025-01-01 10:41:00,0,0,507.8481034963922,0,-71.60617315122064,0,0
2025-01-01 10:42:00,1,0,518.7661228077853,2,-74.8470523414162,0,1
2025-01-01 10:43:00,0,0,514.8542036533734,0,-87.34758626768155,0,0
2025-01-01 10:44:00,0,0,511.75651483003827,0,-86.4691432173149,0,0
2025-01-01 10:45:00,1,1,519.5154630365133,7,-51.63567471924179,0,1
2025-01-01 10:46:00,1,1,526.5030006750247,3,-54.18155958428108,0,1
2025-01-01 10:47:00,1,1,538.663975164798,5,-53.30951661777523,0,1
2025-01-01 10:48:00,0,0,536.5268137804634,0,-70.01694297509624,0,0
2025-01-01 10:49:00,0,0,533.0312863765197,0,-84.21737020864136,1,0
2025-01-01 10:50:00,0,0,531.0639328357313,0,-77.77234182810545,0,0
2025-01-01 10:51:00,0,0,529.6442254171221,0,-84.30238800317235,0,0
2025-01-01 10:52:00,1,1,540.1700729401714,1,-50.38960867727495,0,2
2025-01-01 10:53:00,0,0,537.2849293188889,0,-74.57295899227853,0,0
2025-01-01 10:54:00,0,0,533.2374471282559,0,-82.26512028715523,1,0
2025-01-01 10:55:00,0,0,529.5045691198965,0,-73.19102681717968,0,0
2025-01-01 10:56:00,0,0,526.8610994727135,0,-74.76723136464123,0,0
2025-01-01 10:57:00,0,0,524.8447314973833,0,-74.47486618947161,0,0
2025-01-01 10:58:00,1,0,532.729850121199,2,-87.58864431130026,0,1
2025-01-01 10:59:00,0,0,528.287532624114,0,-71.50889575768609,0,0
2025-01-01 11:00:00,1,1,530.6701764872802,1,-64.29325292102043,0,2
2025-01-01 11:01:00,0,0,527.281772131412,0,-79.68535562103695,0,0
2025-01-01 11:02:00,0,0,522.8127166141777,0,-89.876404352651,1,0
2025-01-01 11:03:00,0,0,518.0395120095422,0,-71.19905620835945,0,0
2025-01-01 11:04:00,0,0,514.0523644712404,0,-77.26305540749203,0,0
2025-01-01 11:05:00,0,0,510.8361086659209,0,-71.6191279804506,0,0
2025-01-01 11:06:00,1,0,517.602728856929,1,-71.75690934065345,0,6
2025-01-01 11:07:00,0,0,514.0262381178223,0,-88.14595149581996,0,0
2025-01-01 11:08:00,0,0,510.64065327975663,0,-83.56252449360855,0,0
2025-01-01 11:09:00,1,0,515.9915257915669,4,-75.14608140452287,0,3
2025-01-01 11:10:00,0,0,511.0352232883681,0,-83.60966305082533,0,0
2025-01-01 11:11:00,0,0,507.46083518033043,0,-75.24581697142548,0,0
2025-01-01 11:12:00,1,1,510.5048412146684,0,-55.27265822844661,0,1
2025-01-01 11:13:00,0,0,505.9893531557201,0,-88.2573663027518,0,0
2025-01-01 11:14:00,0,0,503.6389090746192,0,-84.87925681304093,0,0
2025-01-01 11:15:00,0,0,498.7667673834626,0,-74.7135834888089,0,0
2025-01-01 11:16:00,1,1,499.4328610051115,2,-69.5805313955043,0,2
2025-01-01 11:17:00,0,0,495.4962229363234,0,-72.59528944119992,0,0
2025-01-01 11:18:00,0,0,491.1270103860834,0,-77.46221644207634,0,0
2025-01-01 11:19:00,0,0,487.55950982663967,0,-72.25356722372183,0,0
2025-01-01 11:20:00,1,0,497.8229373770209,1,-82.97881596372994,0,1
2025-01-01 11:21:00,0,0,495.00077818490695,0,-77.26000655264806,0,0
2025-01-01 11:22:00,0,0,493.4419357668,0,-82.5964178875222,0,0
2025-01-01 11:23:00,0,0,491.6439554290392,0,-84.32765500231183,0,0
2025-01-01 11:24:00,0,0,487.3582023459824,0,-81.68844560613195,0,0
2025-01-01 11:25:00,1,0,497.4050831235123,5,-75.35229386796405,0,1
2025-01-01 11:26:00,1,0,500.0053406770224,6,-85.55176176622604,0,4
2025-01-01 11:27:00,0,0,496.5874066801156,0,-80.91286390158376,1,0
2025-01-01 11:28:00,1,0,499.7870717251487,2,-72.26942961072632,0,2
2025-01-01 11:29:00,1,1,506.81706103591733,1,-57.47608702142813,0,1
2025-01-01 11:30:00,0,0,502.262602669826,0,-89.68043907002236,0,0
2025-01-01 11:31:00,1,1,505.96905645099326,6,-63.48453601604694,0,2
2025-01-01 11:32:00,0,0,501.41811206873325,0,-87.96274760514478,1,0
2025-01-01 11:33:00,0,0,496.46337603052416,0,-81.32514812761332,0,0
2025-01-01 11:34:00,0,0,492.5070626484943,0,-79.68523514297371,0,0
2025-01-01 11:35:00,0,0,488.97926293324076,0,-72.88293943884423,0,0
2025-01-01 11:36:00,0,0,484.4733426476961,0,-79.63247082475495,0,0
2025-01-01 11:37:00,1,0,491.78123208755034,2,-79.97282262899724,0,2
2025-01-01 11:38:00,0,0,489.8155273786523,0,-71.14372564533674,0,0
2025-01-01 11:39:00,0,0,486.5142590633757,0,-79.50754945724067,0,0
2025-01-01 11:40:00,0,0,482.1397034940424,0,-80.53130239179023,0,0
2025-01-01 11:41:00,1,1,489.2618736316438,2,-65.0308740203808,0,2
2025-01-01 11:42:00,1,0,498.71577482824466,5,-89.98943456771397,0,0
2025-01-01 11:43:00,0,0,495.973165391527,0,-87.29562311078872,0,0
2025-01-01 11:44:00,0,0,494.60031601037065,0,-71.96194667489826,0,0
2025-01-01 11:45:00,0,0,491.30808874812016,0,-70.33780709774325,0,0
2025-01-01 11:46:00,0,0,486.60902131137044,0,-75.41809762788587,0,0
2025-01-01 11:47:00,1,1,494.84431689876504,0,-53.10281688000383,0,0
2025-01-01 11:48:00,0,0,491.91884829011127,0,-89.04795583718625,0,0
2025-01-01 11:49:00,1,1,503.539577541321,3,-53.87951400919234,0,2
2025-01-01 11:50:00,1,0,512.5572587595361,3,-78.77528488972784,0,1
2025-01-01 11:51:00,0,0,509.3915766590886,0,-88.51106518901476,0,0
2025-01-01 11:52:00,0,0,507.367960903404,0,-72.09860560783676,0,0
2025-01-01 11:53:00,0,0,504.0846820672022,0,-87.29784501906117,0,0
2025-01-01 11:54:00,1,1,507.8669951136825,7,-55.335283777738745,0,0
2025-01-01 11:55:00,0,0,504.10968549291647,0,-87.81318409780637,0,0
2025-01-01 11:56:00,0,0,499.27176380683693,0,-76.12520375165076,0,0
2025-01-01 11:57:00,0,0,494.46310109601774,0,-87.3386496084596,1,0
2025-01-01 11:58:00,1,1,499.56421270256493,0,-67.30027814451188,0,1
2025-01-01 11:59:00,1,1,500.4667624600564,3,-61.342854010622524,0,1
2025-01-01 12:00:00,1,0,507.64193339545596,6,-71.39712540135366,0,2
2025-01-01 12:01:00,0,0,506.1226897071551,0,-80.32741804591552,0,0
2025-01-01 12:02:00,0,0,501.6695749604167,0,-80.76077506129259,0,0
2025-01-01 12:03:00,0,0,497.92179445742124,0,-75.45281018765115,0,0
2025-01-01 12:04:00,0,0,494.3568309370799,0,-88.09018498212099,0,0
2025-01-01 12:05:00,0,0,491.83535605542266,0,-75.51210703519796,0,0
2025-01-01 12:06:00,0,0,489.7937422227649,0,-71.3216930568369,0,0
2025-01-01 12:07:00,0,0,485.8139786988186,0,-87.2411807404364,0,0
2025-01-01 12:08:00,1,1,493.60113684252605,1,-61.81541368832701,0,1
2025-01-01 12:09:00,0,0,488.70989711488176,0,-71.22552942526856,1,0
2025-01-01 12:10:00,0,0,486.7951098516112,0,-71.51353553929107,0,0
2025-01-01 12:11:00,0,0,485.15761094064885,0,-81.83496225482408,0,0
2025-01-01 12:12:00,1,0,487.86392437447034,7,-72.4342280511333,0,2
2025-01-01 12:13:00,0,0,485.0444210530699,0,-70.33170286944056,0,0
2025-01-01 12:14:00,0,0,482.9477488567433,0,-73.00870194890842,0,0
2025-01-01 12:15:00,0,0,479.53514110477096,0,-86.19585007764601,0,0
2025-01-01 12:16:00,0,0,474.62426414235637,0,-88.86045593250758,0,0
2025-01-01 12:17:00,0,0,471.99094369858636,0,-89.17412658128684,0,0
2025-01-01 12:18:00,0,0,467.31388912855306,0,-83.2138407322708,0,0
2025-01-01 12:19:00,0,0,464.5927869894613,0,-73.1525846453493,0,0
2025-01-01 12:20:00,0,0,462.48568171875394,0,-70.38984797222227,1,0
2025-01-01 12:21:00,0,0,461.05342796783384,0,-74.35328017632862,0,0
2025-01-01 12:22:00,0,0,456.61106831189727,0,-87.36657659797267,1,0
2025-01-01 12:23:00,1,1,458.07845558564003,4,-62.45128000273846,0,1
2025-01-01 12:24:00,0,0,453.60158600627983,0,-88.2769577701237,0,0
2025-01-01 12:25:00,1,1,464.9908922402397,0,-61.04181461045495,0,1
2025-01-01 12:26:00,1,0,467.01288073840334,2,-74.55438616433707,0,0
2025-01-01 12:27:00,1,0,471.6571490724492,2,-71.05982275410511,0,4
2025-01-01 12:28:00,1,0,473.37693210294907,1,-87.62118348360805,0,3
2025-01-01 12:29:00,0,0,471.646345007957,0,-74.2218898182815,0,0
2025-01-01 12:30:00,1,1,481.51597859946116,4,-64.3554760936224,0,1
2025-01-01 12:31:00,0,0,478.73415277075145,0,-71.60750918667571,0,0
2025-01-01 12:32:00,0,0,474.82911853030276,0,-75.0159056632758,0,0
2025-01-01 12:33:00,0,0,472.680228129975,0,-83.26078412977208,0,0
2025-01-01 12:34:00,1,1,477.3581806783037,2,-55.73117468812683,0,1
2025-01-01 12:35:00,0,0,472.4426051013271,0,-74.11438981207208,0,0
2025-01-01 12:36:00,0,0,471.08289649987483,0,-79.18073816173765,0,0
2025-01-01 12:37:00,0,0,468.946223523098,0,-77.06371433415813,0,0
2025-01-01 12:38:00,0,0,466.42308802605896,0,-74.39586989857241,0,0
2025-01-01 12:39:00,1,1,470.6240979707952,1,-67.45142418188817,1,2
2025-01-01 12:40:00,1,0,473.8177197360757,2,-80.54331385913156,0,2
2025-01-01 12:41:00,0,0,470.88875877507655,0,-78.20053673657199,0,0
2025-01-01 12:42:00,0,0,467.26435755225464,0,-78.11440667540735,1,0
2025-01-01 12:43:00,0,0,463.657613246388,0,-72.85280469592925,0,0
2025-01-01 12:44:00,1,1,475.5333495277643,4,-54.59207280224328,0,2
2025-01-01 12:45:00,0,0,471.7782486076901,0,-86.5817545052538,0,0
2025-01-01 12:46:00,0,0,467.9237547389465,0,-72.24977036332035,0,0
2025-01-01 12:47:00,1,0,476.4779228618894,4,-76.4169838112206,0,0
2025-01-01 12:48:00,0,0,472.98587579083113,0,-75.87117768734969,0,0
2025-01-01 12:49:00,0,0,469.37945612081563,0,-70.61266061919422,0,0
2025-01-01 12:50:00,1,0,478.86873422122517,4,-75.06851135639653,0,2
2025-01-01 12:51:00,0,0,475.31631257546354,0,-76.40763304634349,0,0
2025-01-01 12:52:00,0,0,473.4334604141564,0,-82.07628138834549,0,0
2025-01-01 12:53:00,0,0,469.3101042734654,0,-80.26476083347886,0,0
2025-01-01 12:54:00,0,0,466.96902513366393,0,-79.62196403890809,0,0
2025-01-01 12:55:00,1,0,479.76097421215235,7,-74.3469069506371,0,3
2025-01-01 12:56:00,1,1,483.68462940235145,3,-60.0826331888168,0,2
2025-01-01 12:57:00,0,0,480.38868572697487,0,-70.80628042234099,0,0
2025-01-01 12:58:00,0,0,475.9562862937069,0,-89.13469153799633,1,0
2025-01-01 12:59:00,1,0,486.6057231631871,2,-85.08766323350466,0,2
2025-01-01 13:00:00,0,0,484.9934419960722,0,-81.76887830400551,0,0
2025-01-01 13:01:00,1,0,491.5759674119491,4,-88.3440777844811,0,2
2025-01-01 13:02:00,0,0,488.55225265704445,0,-86.59626864836639,0,0
2025-01-01 13:03:00,0,0,486.4395764689344,0,-87.17380521889866,0,0
2025-01-01 13:04:00,1,0,497.9467635979322,5,-76.59463845645229,0,4
2025-01-01 13:05:00,1,0,508.4232078466343,4,-73.94858722079539,0,2
2025-01-01 13:06:00,0,0,504.7535367355964,0,-83.39974041940616,0,0
2025-01-01 13:07:00,0,0,502.7044129692428,0,-74.98945089855054,0,0
2025-01-01 13:08:00,1,1,508.13479550748224,1,-59.31276636815315,0,0
2025-01-01 13:09:00,0,0,504.07154251428994,0,-71.00298928487763,0,0
2025-01-01 13:10:00,0,0,500.22428709054543,0,-86.95182990681376,0,0
2025-01-01 13:11:00,0,0,496.1154876776721,0,-79.92692565527634,0,0
2025-01-01 13:12:00,0,0,492.7042556212126,0,-86.32401258112424,0,0
2025-01-01 13:13:00,0,0,490.26526584473953,0,-73.32958544336239,0,0
2025-01-01 13:14:00,0,0,487.07462982025055,0,-87.11468139702072,0,0
2025-01-01 13:15:00,1,0,496.70418047828974,1,-74.69015949863618,0,3
2025-01-01 13:16:00,0,0,493.0864386706316,0,-87.66081723539686,0,0
2025-01-01 13:17:00,0,0,488.2447300049568,0,-71.67687834966574,1,0
2025-01-01 13:18:00,0,0,485.2672320816829,0,-72.06591528667,0,0
2025-01-01 13:19:00,0,0,481.52366986812876,0,-85.79367831799827,0,0
2025-01-01 13:20:00,0,0,478.5706758910803,0,-80.27584012744227,0,0
2025-01-01 13:21:00,1,1,487.5737361767703,3,-69.57015746039876,0,1
2025-01-01 13:22:00,0,0,484.11269390996125,0,-80.45285949461525,0,0
2025-01-01 13:23:00,0,0,480.02432871969734,0,-89.4614311522649,0,0
2025-01-01 13:24:00,0,0,476.2288453336761,0,-82.38698326972816,0,0
2025-01-01 13:25:00,0,0,474.95535273570306,0,-87.69433882981915,0,0
2025-01-01 13:26:00,0,0,470.81064548744337,0,-79.83082244981627,0,0
2025-01-01 13:27:00,0,0,468.097732246836,0,-70.00063266107296,0,0
2025-01-01 13:28:00,1,0,469.9608060891066,2,-78.6607613619571,0,1
2025-01-01 13:29:00,0,0,468.67907379932007,0,-82.66475958182352,1,0
2025-01-01 13:30:00,0,0,464.580307187589,0,-83.07342061737253,0,0
2025-01-01 13:31:00,0,0,460.78672243370795,0,-70.06033682380364,1,0
2025-01-01 13:32:00,1,1,473.6421267868444,4,-51.5209250174624,0,0
2025-01-01 13:33:00,1,0,476.69545301315844,3,-84.0051590479128,0,3
2025-01-01 13:34:00,0,0,474.04054765916976,0,-74.26762136821,0,0
2025-01-01 13:35:00,1,1,481.0505022975192,1,-53.36148109948046,0,0
2025-01-01 13:36:00,1,0,488.82888622180536,4,-81.74560814322686,1,3
2025-01-01 13:37:00,0,0,487.4962770283705,0,-78.99830420423135,0,0
2025-01-01 13:38:00,0,0,482.91470268542076,0,-77.20090301198111,0,0
2025-01-01 13:39:00,1,1,487.79468626801037,4,-57.38671002944728,0,0
2025-01-01 13:40:00,0,0,483.41419313922285,0,-76.88862664395107,0,0
2025-01-01 13:41:00,0,0,480.065500956238,0,-78.99214790185698,0,0
2025-01-01 13:42:00,1,0,490.29995399474853,5,-84.09445053246412,0,1
2025-01-01 13:43:00,0,0,487.21540763639064,0,-79.76258381941469,0,0
2025-01-01 13:44:00,0,0,483.531174186979,0,-89.12188217244498,0,0
2025-01-01 13:45:00,0,0,481.3454040934532,0,-79.28931111561974,0,0
2025-01-01 13:46:00,0,0,479.8535272660738,0,-86.01681611819278,1,0
2025-01-01 13:47:00,0,0,477.54570556228555,0,-89.97972308195209,0,0
2025-01-01 13:48:00,0,0,474.573753129019,0,-82.44597454695688,0,0
2025-01-01 13:49:00,0,0,473.2520234340474,0,-70.73875033668595,0,0
2025-01-01 13:50:00,0,0,470.8619311014347,0,-89.0354103617693,0,0
2025-01-01 13:51:00,0,0,467.26842378574855,0,-80.93674272084588,0,0
2025-01-01 13:52:00,0,0,463.8231095239329,0,-75.82828457557619,0,0
2025-01-01 13:53:00,0,0,459.5375866862688,0,-72.84494551782511,0,0
2025-01-01 13:54:00,0,0,454.7763721151028,0,-82.08567499162876,0,0
2025-01-01 13:55:00,1,0,459.8084862527593,2,-83.173863582996,0,5
2025-01-01 13:56:00,0,0,456.95165867195675,0,-76.02269640358324,0,0
2025-01-01 13:57:00,0,0,454.3921704016899,0,-79.05645545316472,0,0
2025-01-01 13:58:00,0,0,451.88476319719973,0,-80.33546204614281,0,0
2025-01-01 13:59:00,1,1,454.496580470788,6,-59.71739307707035,0,4
2025-01-01 14:00:00,0,0,451.2933767294844,0,-73.06887903960416,0,0
2025-01-01 14:01:00,0,0,447.5464672775582,0,-83.41989477848134,1,0
2025-01-01 14:02:00,0,0,443.2626324386504,0,-88.31309830243265,0,0
2025-01-01 14:03:00,0,0,439.66193944566714,0,-76.16362072012265,0,0
2025-01-01 14:04:00,0,0,435.2449429142328,0,-71.84214227715952,1,0
2025-01-01 14:05:00,0,0,431.38584216388205,0,-87.38496235110856,0,0
2025-01-01 14:06:00,0,0,427.2550131323473,0,-74.92584713099141,0,0
2025-01-01 14:07:00,0,0,422.7520741450995,0,-73.94230021606775,0,0
2025-01-01 14:08:00,0,0,418.9757471139136,0,-70.10818946898848,0,0
2025-01-01 14:09:00,0,0,416.40879693596185,0,-85.54635429288335,0,0
2025-01-01 14:10:00,0,0,414.6832550915243,0,-71.93964608351325,0,0
2025-01-01 14:11:00,1,1,425.16993001102935,2,-65.78152426431576,1,2
2025-01-01 14:12:00,1,1,426.8206295042857,2,-65.32121663989646,0,0
2025-01-01 14:13:00,0,0,424.8415869162348,0,-72.24390023880768,0,0
2025-01-01 14:14:00,0,0,422.95915631884145,0,-83.58022552693018,0,0
2025-01-01 14:15:00,0,0,420.7205602261751,0,-82.60177542061392,0,0
2025-01-01 14:16:00,1,1,425.6596552571291,1,-58.04446762897356,0,1
2025-01-01 14:17:00,0,0,423.28762606444695,0,-72.81339016362683,0,0
2025-01-01 14:18:00,0,0,418.54310506008744,0,-81.27056582623419,0,0
2025-01-01 14:19:00,0,0,416.74359466673326,0,-81.858528884966,0,0
2025-01-01 14:20:00,0,0,412.08727464334294,0,-78.13328798450367,0,0
2025-01-01 14:21:00,0,0,410.0657619405173,0,-87.38955362424726,0,0
2025-01-01 14:22:00,1,0,419.0792711831485,4,-87.66377680550546,0,1
2025-01-01 14:23:00,0,0,416.0992211888995,0,-72.69500068647966,1,0
2025-01-01 14:24:00,0,0,412.36044416323557,0,-88.93816969450992,0,0
2025-01-01 14:25:00,0,0,410.9708710366009,0,-89.12744289400621,0,0
2025-01-01 14:26:00,1,0,419.15524048156976,3,-72.82175767828215,0,3
2025-01-01 14:27:00,0,0,414.7090122360055,0,-74.92657296130776,0,0
2025-01-01 14:28:00,1,1,423.6103229554539,0,-56.86769816012786,0,5
2025-01-01 14:29:00,0,0,419.074767230922,0,-87.63910471991673,0,0
2025-01-01 14:30:00,0,0,417.0332128260538,0,-88.50076191557761,0,0
2025-01-01 14:31:00,1,0,421.2111981333906,5,-73.00721985616164,0,5
2025-01-01 14:32:00,0,0,417.9329745709714,0,-75.81849915744083,0,0
2025-01-01 14:33:00,0,0,415.7669295951347,0,-70.3825552248023,0,0
2025-01-01 14:34:00,1,0,426.23443094637673,2,-76.05230813591564,0,1
2025-01-01 14:35:00,1,0,433.85860256231996,2,-79.49950693713335,0,0
2025-01-01 14:36:00,0,0,429.76263981044127,0,-80.48981890138859,0,0
2025-01-01 14:37:00,0,0,424.8752711481531,0,-73.24815730302328,1,0
2025-01-01 14:38:00,1,0,426.0278555947219,2,-81.25421902152665,0,3
2025-01-01 14:39:00,0,0,423.7997839238016,0,-81.87906301042702,0,0
2025-01-01 14:40:00,1,0,432.1623653488627,3,-72.41200016538318,0,2
2025-01-01 14:41:00,0,0,427.97871553418736,0,-87.10692480689205,0,0
2025-01-01 14:42:00,0,0,425.94989942104695,0,-73.22930071492218,0,0
2025-01-01 14:43:00,1,0,430.85132239034704,3,-76.35014593511443,1,1
2025-01-01 14:44:00,0,0,428.41779009854406,0,-78.1763091331178,1,0
2025-01-01 14:45:00,0,0,426.9067493340217,0,-89.48019326178036,0,0
2025-01-01 14:46:00,0,0,422.7071320909405,0,-87.78025988912579,1,0
2025-01-01 14:47:00,0,0,419.23743168616176,0,-72.26699152618549,0,0
2025-01-01 14:48:00,1,1,428.23865489918717,4,-53.70451649833386,0,1
2025-01-01 14:49:00,0,0,424.1270394486287,0,-89.92369257373973,1,0
2025-01-01 14:50:00,1,1,433.14143022333883,3,-59.326310991385185,0,3
2025-01-01 14:51:00,0,0,431.3680469187113,0,-84.8846138161712,1,0
2025-01-01 14:52:00,0,0,427.44918080228894,0,-86.3676048065963,0,0
2025-01-01 14:53:00,0,0,423.03487173644345,0,-86.6062425561057,0,0
2025-01-01 14:54:00,0,0,419.65008747734583,0,-79.71428379504268,0,0
2025-01-01 14:55:00,1,1,429.13174673223403,5,-65.82138704507318,0,1
2025-01-01 14:56:00,1,0,435.4147383115574,5,-72.790301613563,0,2
2025-01-01 14:57:00,0,0,430.8471213840397,0,-74.34780050899771,0,0
2025-01-01 14:58:00,0,0,427.52736675686776,0,-89.19800208585305,0,0
2025-01-01 14:59:00,0,0,424.8679665975891,0,-76.04137007050895,1,0
2025-01-01 15:00:00,0,0,423.42687358589814,0,-72.33776552461737,0,0
2025-01-01 15:01:00,0,0,419.24407465332763,0,-89.14612846306866,0,0
2025-01-01 15:02:00,0,0,416.5679185707665,0,-73.09371866622404,0,0
2025-01-01 15:03:00,0,0,413.6567082770292,0,-71.92066375965425,0,0
2025-01-01 15:04:00,0,0,411.03584147243447,0,-86.67510412103776,0,0
2025-01-01 15:05:00,1,0,416.67676212851643,0,-70.2150567061702,0,2
2025-01-01 15:06:00,1,0,424.36512805540144,3,-72.40966774363673,1,0
2025-01-01 15:07:00,1,0,428.4679619060185,1,-88.7874207267017,0,6
2025-01-01 15:08:00,1,0,438.1557122627145,4,-86.95579012435607,0,1
2025-01-01 15:09:00,0,0,434.9046449984541,0,-81.37435799178371,0,0
2025-01-01 15:10:00,1,0,436.5183091562505,2,-79.32463338057937,0,3
2025-01-01 15:11:00,0,0,435.4551880453362,0,-85.91700080468976,1,0
2025-01-01 15:12:00,1,1,442.6577291096533,3,-50.52435942683864,1,4
2025-01-01 15:13:00,1,1,452.03294132346264,3,-62.85242327641251,1,3
2025-01-01 15:14:00,1,1,461.31851308880994,2,-63.329159695101765,0,2
2025-01-01 15:15:00,1,0,471.2621820410795,7,-77.92679517445289,0,0
2025-01-01 15:16:00,0,0,466.5434114836613,0,-70.10709023946649,0,0
2025-01-01 15:17:00,0,0,462.30079992854405,0,-71.1999102403283,0,0
2025-01-01 15:18:00,0,0,458.135669488053,0,-78.3480261258767,0,0
2025-01-01 15:19:00,0,0,454.0840529776528,0,-73.45843668123254,0,0
2025-01-01 15:20:00,0,0,452.6085813257279,0,-83.46135474428372,0,0
2025-01-01 15:21:00,0,0,450.2123909215529,0,-71.67781642413435,0,0
2025-01-01 15:22:00,1,1,456.58433659619845,2,-69.84574547456297,1,5
2025-01-01 15:23:00,0,0,453.80488816171425,0,-87.29607718427872,0,0
2025-01-01 15:24:00,0,0,452.5883260702433,0,-82.88648228939898,0,0
2025-01-01 15:25:00,0,0,451.28515302908056,0,-72.43252698598882,0,0
2025-01-01 15:26:00,1,0,457.00107128877,3,-89.94720634577294,0,0
2025-01-01 15:27:00,0,0,454.0191995849394,0,-80.32219299448366,0,0
2025-01-01 15:28:00,0,0,450.22509494396905,0,-76.42818730638007,0,0
2025-01-01 15:29:00,0,0,446.25115848543254,0,-73.93769799440028,1,0
2025-01-01 15:30:00,0,0,442.32041988015754,0,-87.74659580844472,0,0
2025-01-01 15:31:00,0,0,439.38267881529856,0,-78.20240311294987,0,0
2025-01-01 15:32:00,1,1,449.7192663890329,3,-55.25717431622665,0,2
2025-01-01 15:33:00,1,0,458.54104554436816,1,-80.04136028051742,0,2
2025-01-01 15:34:00,1,0,468.90323259527963,2,-76.61223970515984,0,3
2025-01-01 15:35:00,0,0,464.1396454792124,0,-74.3286623263559,1,0
2025-01-01 15:36:00,1,0,475.71182371227115,1,-73.59794898744546,0,1
2025-01-01 15:37:00,1,0,483.22090636088296,1,-89.04642243843304,0,1
2025-01-01 15:38:00,0,0,480.4755641708505,0,-70.97804027368008,0,0
2025-01-01 15:39:00,0,0,478.7168338358955,0,-79.58486450469839,0,0
2025-01-01 15:40:00,0,0,476.8071639162136,0,-80.51384953915806,1,0
2025-01-01 15:41:00,1,1,488.9228886966806,1,-55.30829621260729,0,4
2025-01-01 15:42:00,0,0,487.23494707456376,0,-89.52425496991249,0,0
2025-01-01 15:43:00,1,0,493.9238894935978,1,-71.1705242007933,0,0
2025-01-01 15:44:00,0,0,492.1737571400205,0,-77.07571367304259,0,0
2025-01-01 15:45:00,0,0,490.4355290467239,0,-89.36687673124322,0,0
2025-01-01 15:46:00,0,0,487.89337634509525,0,-86.71466201309502,0,0
2025-01-01 15:47:00,0,0,485.390585965435,0,-82.17882292960815,0,0
2025-01-01 15:48:00,0,0,483.7642649248507,0,-81.11037430365836,0,0
2025-01-01 15:49:00,0,0,479.99513067953285,0,-86.35689957964674,0,0
2025-01-01 15:50:00,0,0,476.7032759373809,0,-72.79889796714248,0,0
2025-01-01 15:51:00,0,0,475.07685187000374,0,-72.09934143167298,0,0
2025-01-01 15:52:00,0,0,471.70776137473246,0,-73.71102926523575,0,0
2025-01-01 15:53:00,1,0,474.0715405011786,2,-87.585964814123,0,3
2025-01-01 15:54:00,1,0,476.7140166612169,3,-87.72169656880662,0,1
2025-01-01 15:55:00,1,0,481.33816028482903,5,-76.47660722841343,0,1
2025-01-01 15:56:00,0,0,476.5662441644481,0,-78.0600175743326,0,0
2025-01-01 15:57:00,0,0,473.5724341364776,0,-80.67452999837414,0,0
2025-01-01 15:58:00,0,0,470.30564478225085,0,-72.47323435014027,0,0
2025-01-01 15:59:00,0,0,466.25566256841876,0,-73.50353629956118,0,0
2025-01-01 16:00:00,1,0,475.7797801784871,3,-72.09623864587262,0,4
2025-01-01 16:01:00,1,0,482.7776178617281,5,-76.01804465507104,0,3
2025-01-01 16:02:00,0,0,478.2784425555366,0,-83.72803002566135,0,0
2025-01-01 16:03:00,0,0,474.831245380598,0,-82.52338649837671,0,0
2025-01-01 16:04:00,0,0,472.8383514332834,0,-76.83504589875909,0,0
2025-01-01 16:05:00,1,0,481.0789715250147,4,-74.97768659888635,0,2
2025-01-01 16:06:00,0,0,479.6373559190055,0,-79.14345225728924,0,0
2025-01-01 16:07:00,0,0,476.0341329907007,0,-71.85025952735995,0,0
2025-01-01 16:08:00,0,0,474.5167623479415,0,-70.8888141930575,0,0
2025-01-01 16:09:00,0,0,472.6433657186622,0,-73.26139815493687,0,0
2025-01-01 16:10:00,0,0,468.09451011005257,0,-78.23499307276884,0,0
2025-01-01 16:11:00,0,0,466.6235145282624,0,-84.79453668107722,0,0
2025-01-01 16:12:00,0,0,465.40726498097604,0,-75.73662256963186,0,0
2025-01-01 16:13:00,1,1,474.53710261067533,3,-62.98062563064969,0,0
2025-01-01 16:14:00,1,0,483.99658202924473,0,-81.02130452162466,0,1
2025-01-01 16:15:00,1,0,495.2158967031686,4,-70.90390649379025,1,2
2025-01-01 16:16:00,1,0,505.90329316311403,2,-86.5578663853498,0,1
2025-01-01 16:17:00,1,0,515.1081767599385,1,-82.54639019309336,0,2
2025-01-01 16:18:00,0,0,510.90096252038325,0,-85.60833208426176,0,0
2025-01-01 16:19:00,0,0,507.2484249952716,0,-71.66095988369983,0,0
2025-01-01 16:20:00,1,0,512.2004050171239,4,-73.53244875176105,0,2
2025-01-01 16:21:00,0,0,509.0960285557967,0,-78.27225054892897,1,0
2025-01-01 16:22:00,0,0,506.93652385629275,0,-78.51721282706544,0,0
2025-01-01 16:23:00,0,0,502.5376396285111,0,-85.2410949364192,1,0
2025-01-01 16:24:00,0,0,499.05466366010023,0,-85.63437473012793,0,0
2025-01-01 16:25:00,0,0,496.5926487337317,0,-78.37930727354401,0,0
2025-01-01 16:26:00,1,0,497.7846740282933,2,-88.52794814524589,0,2
2025-01-01 16:27:00,1,0,507.0624332398775,4,-76.2890941809481,0,1
2025-01-01 16:28:00,0,0,505.6493096929726,0,-77.53615509803267,0,0
2025-01-01 16:29:00,0,0,503.8671080356224,0,-81.7312749493303,0,0
2025-01-01 16:30:00,1,1,508.1762886831986,1,-61.015468557289125,0,2
2025-01-01 16:31:00,1,1,512.0318710119262,2,-57.71178254964935,0,1
2025-01-01 16:32:00,0,0,507.9978075390243,0,-84.16393128963763,0,0
2025-01-01 16:33:00,0,0,505.47993639713513,0,-80.79980646070658,0,0
2025-01-01 16:34:00,0,0,503.5706567483584,0,-86.46959607262515,0,0
2025-01-01 16:35:00,0,0,499.8804936753379,0,-72.9596547172761,0,0
2025-01-01 16:36:00,0,0,497.9732564482152,0,-89.77295659536121,0,0
2025-01-01 16:37:00,0,0,495.15203742016956,0,-75.19880196726032,0,0
2025-01-01 16:38:00,0,0,491.0705422921261,0,-87.87750079357826,0,0
2025-01-01 16:39:00,0,0,489.52642930253785,0,-76.41068444729748,0,0
2025-01-01 16:40:00,0,0,487.9953179509806,0,-78.17603001542072,0,0
2025-01-01 16:41:00,0,0,485.32059558347845,0,-80.34292648336088,0,0
2025-01-01 16:42:00,0,0,481.3146989344877,0,-86.88943744883515,0,0
2025-01-01 16:43:00,0,0,478.51970616031866,0,-80.23249116585181,0,0
2025-01-01 16:44:00,1,0,489.69094712682795,4,-78.25525044973992,0,0
2025-01-01 16:45:00,0,0,486.6833844300291,0,-77.68431162005272,0,0
2025-01-01 16:46:00,0,0,481.89537967925804,0,-85.29071621666102,0,0
2025-01-01 16:47:00,0,0,477.73353979251715,0,-86.52091626120432,0,0
2025-01-01 16:48:00,0,0,475.40487986833256,0,-78.40867773675842,0,0
2025-01-01 16:49:00,1,0,483.92853740843105,2,-75.66380327015344,1,6
2025-01-01 16:50:00,1,0,486.95182351898404,0,-85.94079274438405,0,2
2025-01-01 16:51:00,1,0,493.0872329182654,5,-70.65591006349433,0,1
2025-01-01 16:52:00,1,0,504.45402919858884,3,-74.08852902515058,0,3
2025-01-01 16:53:00,0,0,501.3742301184363,0,-87.00430952427773,0,0
2025-01-01 16:54:00,1,1,506.9763113403385,6,-69.62441007399646,1,2
2025-01-01 16:55:00,0,0,502.55423944106985,0,-88.5651687184507,0,0
2025-01-01 16:56:00,0,0,498.83594152805995,0,-81.02898759236007,0,0
2025-01-01 16:57:00,0,0,494.3673234524241,0,-71.31665539067865,0,0
2025-01-01 16:58:00,0,0,492.0717159408746,0,-86.73424841484547,0,0
2025-01-01 16:59:00,0,0,489.08005719281243,0,-75.56610909862812,0,0
2025-01-01 17:00:00,0,0,486.8161156556561,0,-89.6549876486433,0,0
2025-01-01 17:01:00,0,0,482.3490503321393,0,-74.71127764071534,0,0
2025-01-01 17:02:00,0,0,478.04643826965275,0,-86.86281703267112,0,0
2025-01-01 17:03:00,1,1,489.2906239084978,3,-68.77667923435648,0,1
2025-01-01 17:04:00,0,0,485.7052235262685,0,-71.95940147046639,0,0
2025-01-01 17:05:00,1,0,491.008339398831,4,-74.39470734390896,0,1
2025-01-01 17:06:00,1,0,502.2646168404874,2,-89.50719615266536,0,5
2025-01-01 17:07:00,0,0,497.4257583744096,0,-78.25177357417219,0,0
2025-01-01 17:08:00,0,0,492.52592239505685,0,-76.50099643029353,1,0
2025-01-01 17:09:00,1,1,501.6547722418931,5,-51.98686875785454,1,3
2025-01-01 17:10:00,0,0,499.3789378950235,0,-76.28649931115287,0,0
2025-01-01 17:11:00,0,0,494.7111928265454,0,-89.77734398741075,0,0
2025-01-01 17:12:00,1,0,495.60688155615065,4,-89.69381807560757,0,3
2025-01-01 17:13:00,0,0,493.2724457094893,0,-70.58664444799086,0,0
2025-01-01 17:14:00,0,0,491.0107889849806,0,-77.49292683527588,0,0
2025-01-01 17:15:00,1,1,501.4406894822141,4,-61.27625250353764,0,0
2025-01-01 17:16:00,0,0,499.6792981135664,0,-72.34638469508923,1,0
2025-01-01 17:17:00,0,0,495.74625080837063,0,-75.59642607909437,0,0
2025-01-01 17:18:00,0,0,491.2697288701577,0,-81.0338825081851,0,0
2025-01-01 17:19:00,1,0,495.3530139606345,2,-85.62467852463008,0,4
2025-01-01 17:20:00,0,0,490.83568505343027,0,-87.75936540474422,0,0
2025-01-01 17:21:00,0,0,487.835910043714,0,-70.59632880268649,0,0
2025-01-01 17:22:00,0,0,485.8295705774841,0,-89.89584173160978,0,0
2025-01-01 17:23:00,0,0,482.45560308977616,0,-80.59218842349921,0,0
2025-01-01 17:24:00,0,0,481.3343474150247,0,-75.3027382831974,0,0
2025-01-01 17:25:00,0,0,478.786492984469,0,-80.01879484334717,0,0
2025-01-01 17:26:00,0,0,475.34885324802934,0,-84.7662848939122,0,0
2025-01-01 17:27:00,1,0,479.4042803447815,8,-78.06134216705064,0,2
2025-01-01 17:28:00,0,0,474.41087686995013,0,-80.54176618139059,0,0
2025-01-01 17:29:00,0,0,470.3312045599021,0,-70.89338658305678,0,0
2025-01-01 17:30:00,1,1,479.1027441478939,1,-53.87448275382057,0,4
2025-01-01 17:31:00,1,1,489.16044904715784,2,-63.173048437420334,0,5
2025-01-01 17:32:00,0,0,485.449233371012,0,-88.53826816448941,0,0
2025-01-01 17:33:00,0,0,482.7958674250772,0,-75.23950384914534,0,0
2025-01-01 17:34:00,0,0,481.6953202616172,0,-71.0469888727431,0,0
2025-01-01 17:35:00,0,0,478.253501637513,0,-82.43984549287613,0,0
2025-01-01 17:36:00,0,0,476.4423829546384,0,-83.29538097306356,0,0
2025-01-01 17:37:00,0,0,473.7964205003039,0,-72.85662220031212,0,0
2025-01-01 17:38:00,0,0,471.1629852211207,0,-82.20350087280163,1,0
2025-01-01 17:39:00,1,0,472.9697415512898,2,-74.29281862855557,0,1
2025-01-01 17:40:00,1,0,474.97752548591353,6,-80.05300170007415,0,2
2025-01-01 17:41:00,0,0,470.5401411671582,0,-79.0782691443808,0,0
2025-01-01 17:42:00,0,0,468.439293009716,0,-74.95001411648587,0,0
2025-01-01 17:43:00,1,0,475.99027545600893,1,-76.12544518978736,0,1
2025-01-01 17:44:00,0,0,472.0206067590193,0,-76.20387392907334,0,0
2025-01-01 17:45:00,1,0,475.8495008768352,7,-72.3831487875782,0,1
2025-01-01 17:46:00,0,0,471.26215095300745,0,-76.3702598687745,1,0
2025-01-01 17:47:00,0,0,468.28500604462624,0,-72.47797366249151,0,0
2025-01-01 17:48:00,0,0,465.17525317155383,0,-71.12080790372333,0,0
2025-01-01 17:49:00,0,0,462.3184695796502,0,-77.83803607202171,0,0
2025-01-01 17:50:00,0,0,459.5379606758439,0,-86.62527806487877,1,0
2025-01-01 17:51:00,0,0,455.67028677432256,0,-73.79850614118183,0,0
2025-01-01 17:52:00,1,0,458.74234286996546,0,-79.26351833009552,0,3
2025-01-01 17:53:00,0,0,454.78246725155105,0,-77.57815593949873,0,0
2025-01-01 17:54:00,1,0,460.7838019238933,4,-88.74846868525651,0,5
2025-01-01 17:55:00,0,0,456.96199279675807,0,-81.79758448128119,0,0
2025-01-01 17:56:00,0,0,453.7794281257545,0,-88.65550482800677,1,0
2025-01-01 17:57:00,0,0,449.6668720710296,0,-75.02636672131871,0,0
2025-01-01 17:58:00,1,1,461.0548404184879,1,-62.486956461183794,0,2
2025-01-01 17:59:00,0,0,457.5480279463726,0,-89.42412366970532,0,0
2025-01-01 18:00:00,0,0,452.66949530311894,0,-79.9240297595283,1,0
2025-01-01 18:01:00,0,0,450.3957135427975,0,-88.16825237917121,0,0
2025-01-01 18:02:00,0,0,448.4129702454698,0,-87.57880481832517,0,0
2025-01-01 18:03:00,0,0,447.116737883932,0,-84.61221678451969,0,0
2025-01-01 18:04:00,0,0,442.3536632619929,0,-89.24447810985379,0,0
2025-01-01 18:05:00,0,0,440.1793040397305,0,-76.50731246354393,0,0
2025-01-01 18:06:00,0,0,437.1566011305977,0,-74.65045519707198,0,0
2025-01-01 18:07:00,0,0,433.60969110392995,0,-84.86932770203404,0,0
2025-01-01 18:08:00,0,0,432.0872601836496,0,-73.84552252658862,0,0
2025-01-01 18:09:00,0,0,428.8966184130976,0,-79.49209437126889,0,0
2025-01-01 18:10:00,0,0,425.3023857599902,0,-73.66085932056215,0,0
2025-01-01 18:11:00,0,0,420.75754954733725,0,-71.98411225404513,0,0
2025-01-01 18:12:00,0,0,417.29387103604284,0,-79.10257820132995,0,0
2025-01-01 18:13:00,0,0,415.12025692760415,0,-72.99539281689182,0,0
2025-01-01 18:14:00,1,0,427.464825455862,2,-88.79191144840038,0,2
2025-01-01 18:15:00,1,0,435.0418193017763,1,-86.8238227195041,0,2
2025-01-01 18:16:00,0,0,431.50401801534514,0,-87.44651915243797,0,0
2025-01-01 18:17:00,0,0,429.7389554434445,0,-81.37427065159574,0,0
2025-01-01 18:18:00,0,0,426.8089553496622,0,-73.49347130889247,0,0
2025-01-01 18:19:00,1,0,437.36307137503553,3,-85.62629166812768,0,0
2025-01-01 18:20:00,1,1,448.8436350818491,3,-67.65872217721737,0,2
2025-01-01 18:21:00,0,0,444.64318454574686,0,-88.71160767105461,0,0
2025-01-01 18:22:00,0,0,440.77101669433375,0,-85.85719202243126,0,0
2025-01-01 18:23:00,1,0,447.9226775454302,5,-82.6698764893746,0,0
2025-01-01 18:24:00,1,1,457.8784639783856,2,-53.32084108420766,0,3
2025-01-01 18:25:00,0,0,454.5493746023479,0,-83.52643642292753,0,0
2025-01-01 18:26:00,0,0,452.8815120503751,0,-85.71456597912412,0,0
2025-01-01 18:27:00,0,0,448.36036780311196,0,-87.09687843066672,0,0
2025-01-01 18:28:00,1,1,457.4597448273319,3,-66.75302467475807,0,3
2025-01-01 18:29:00,0,0,455.7805346575562,0,-86.79956211019655,0,0
2025-01-01 18:30:00,1,1,465.062631394065,3,-63.906135210628385,0,3
2025-01-01 18:31:00,0,0,463.4456996148569,0,-73.87139339526698,0,0
2025-01-01 18:32:00,0,0,459.69900855131544,0,-72.19582870427823,0,0
2025-01-01 18:33:00,0,0,455.6009630441687,0,-86.27400677513485,0,0
2025-01-01 18:34:00,1,0,459.329145087069,5,-73.25636442593009,0,0
2025-01-01 18:35:00,1,1,463.1305859772437,0,-61.247473226211156,0,1
2025-01-01 18:36:00,1,1,472.96284654631,3,-64.41495224649668,0,0
2025-01-01 18:37:00,0,0,469.42015199382075,0,-81.72624138217331,0,0
2025-01-01 18:38:00,0,0,466.38098325456986,0,-79.75408372406741,0,0
2025-01-01 18:39:00,0,0,462.06190856014666,0,-77.72177986088144,0,0
2025-01-01 18:40:00,0,0,457.96598642296715,0,-70.93260172166666,0,0
2025-01-01 18:41:00,0,0,453.3759994930419,0,-77.18709151761094,1,0
2025-01-01 18:42:00,0,0,449.55113399332004,0,-71.25411522747707,0,0
2025-01-01 18:43:00,0,0,447.1646302987913,0,-73.53074483902091,0,0
2025-01-01 18:44:00,0,0,444.80408106170194,0,-89.88287783549968,0,0
2025-01-01 18:45:00,1,1,452.8216444100195,2,-56.87766748935768,1,2
2025-01-01 18:46:00,1,1,464.17265822861145,1,-67.95719454336748,0,2
2025-01-01 18:47:00,1,1,471.1658452756433,3,-64.25709450697,0,2
2025-01-01 18:48:00,1,0,481.8537432385078,3,-80.95471431550243,0,4
2025-01-01 18:49:00,0,0,479.2709251064,0,-76.42703041945171,0,0
2025-01-01 18:50:00,0,0,474.7881388449216,0,-89.07290055760491,0,0
2025-01-01 18:51:00,0,0,471.92673592018144,0,-76.45830491001861,0,0
2025-01-01 18:52:00,0,0,469.3643863010428,0,-71.20329297327432,0,0
2025-01-01 18:53:00,0,0,467.3813112670317,0,-79.99251664637643,0,0
2025-01-01 18:54:00,1,0,478.55635024807873,1,-89.65957480196192,0,2
2025-01-01 18:55:00,1,1,482.776241951776,2,-55.792196194530774,0,4
2025-01-01 18:56:00,0,0,478.5256099642905,0,-73.19454832089257,0,0
2025-01-01 18:57:00,1,1,482.6027423794897,4,-65.07022529961358,0,2
2025-01-01 18:58:00,1,1,487.07413365537036,2,-56.3912247725114,0,0
2025-01-01 18:59:00,1,0,496.7887554842224,2,-88.74766618660276,0,1
2025-01-01 19:00:00,0,0,493.414262150882,0,-80.76338597875478,0,0
2025-01-01 19:01:00,0,0,491.4383271314166,0,-88.70007905946173,0,0
2025-01-01 19:02:00,1,0,498.55319863004524,7,-85.13872212940545,0,2
2025-01-01 19:03:00,1,0,509.18297415013586,2,-88.61464072607497,0,2
2025-01-01 19:04:00,0,0,507.2116389654557,0,-87.54623187709832,0,0
2025-01-01 19:05:00,1,0,511.1467720773419,5,-88.9536701292841,0,4
2025-01-01 19:06:00,0,0,509.3609319141325,0,-78.52776781940705,1,0
2025-01-01 19:07:00,0,0,504.4831866706851,0,-85.46420095403508,0,0
2025-01-01 19:08:00,0,0,503.0554085330748,0,-78.55273586496362,0,0
2025-01-01 19:09:00,1,0,510.55990339148207,1,-74.58832340874548,0,3
2025-01-01 19:10:00,1,1,519.7713582476604,2,-65.37108400147584,1,2
2025-01-01 19:11:00,1,0,526.6986768651464,3,-74.48652062229179,0,3
2025-01-01 19:12:00,0,0,522.8270803605432,0,-82.62228795300732,0,0
2025-01-01 19:13:00,0,0,518.6811732298094,0,-81.06028270143011,0,0
2025-01-01 19:14:00,0,0,516.0933159239157,0,-82.64246674509303,0,0
2025-01-01 19:15:00,1,0,521.2516183500164,4,-80.62512502301124,1,2
2025-01-01 19:16:00,0,0,516.8896576944031,0,-80.45908819575271,0,0
2025-01-01 19:17:00,1,1,517.7942177531811,7,-60.645493330887966,0,0
2025-01-01 19:18:00,1,0,526.571323246517,3,-76.07048925868659,0,2
2025-01-01 19:19:00,0,0,523.9161561622519,0,-77.02579213058733,0,0
2025-01-01 19:20:00,1,1,537.1168038042208,3,-55.511931929464396,0,5
2025-01-01 19:21:00,0,0,533.5657808188521,0,-85.91442866946389,1,0
2025-01-01 19:22:00,1,0,538.5891938373093,6,-80.76962921563756,0,2
2025-01-01 19:23:00,0,0,535.8149620401039,0,-87.55401817225335,0,0
2025-01-01 19:24:00,1,0,543.7775447277003,5,-80.17248811076475,0,8
2025-01-01 19:25:00,1,0,548.4331782682397,3,-81.09979151000601,0,6
2025-01-01 19:26:00,0,0,544.2419982455655,0,-78.75385855245621,1,0
2025-01-01 19:27:00,0,0,542.1636552649206,0,-73.4064260773313,0,0
2025-01-01 19:28:00,1,0,544.6401031023256,7,-88.5855508796519,0,0
2025-01-01 19:29:00,1,1,556.1702104764524,3,-61.5501097472024,1,3
2025-01-01 19:30:00,0,0,551.6196841102167,0,-76.00999395076016,0,0
2025-01-01 19:31:00,1,0,557.2834838817827,5,-84.05276008993306,0,3
2025-01-01 19:32:00,1,1,567.166418220934,5,-50.020842393183095,0,2
2025-01-01 19:33:00,1,0,573.7629829799088,1,-72.22636217590535,0,0
2025-01-01 19:34:00,0,0,571.9388348642572,0,-77.48633519679788,0,0
2025-01-01 19:35:00,0,0,568.7642212735345,0,-77.92168323700344,0,0
2025-01-01 19:36:00,1,0,574.5449890969679,3,-71.39682321196945,0,1
2025-01-01 19:37:00,0,0,570.2984615418964,0,-77.61503805412985,1,0
2025-01-01 19:38:00,0,0,566.7749293186305,0,-82.88802217364004,0,0
2025-01-01 19:39:00,0,0,563.8170014608844,0,-72.45708467795248,1,0
2025-01-01 19:40:00,0,0,562.6017814005712,0,-76.4768264784324,0,0
2025-01-01 19:41:00,0,0,559.2419784757163,0,-77.0916401491719,0,0
2025-01-01 19:42:00,0,0,556.7018500574045,0,-70.832009957023,0,0
2025-01-01 19:43:00,0,0,552.5600181310709,0,-87.97175762381909,0,0
2025-01-01 19:44:00,0,0,547.6269754430164,0,-76.80459928770566,0,0
2025-01-01 19:45:00,1,0,551.8792929287669,4,-80.26263000714367,0,3
2025-01-01 19:46:00,0,0,549.4665806647944,0,-78.238381959824,1,0
2025-01-01 19:47:00,0,0,547.7570304543968,0,-77.40647371902179,0,0
2025-01-01 19:48:00,0,0,545.247614714327,0,-86.15216606084715,0,0
2025-01-01 19:49:00,0,0,541.7560297652664,0,-86.78051711710823,0,0
2025-01-01 19:50:00,1,1,547.1266499700579,4,-52.498676547032034,0,2
2025-01-01 19:51:00,0,0,545.0033832954681,0,-86.46145709479478,0,0
2025-01-01 19:52:00,0,0,543.4096619255731,0,-77.3654865607051,0,0
2025-01-01 19:53:00,0,0,540.7224402800598,0,-84.29594570313985,0,0
2025-01-01 19:54:00,0,0,536.0994358687761,0,-73.61969402001408,0,0
2025-01-01 19:55:00,0,0,533.5230043716225,0,-81.7281961447287,0,0
2025-01-01 19:56:00,0,0,530.459181735038,0,-86.55629300307542,0,0
2025-01-01 19:57:00,1,0,530.8518803405914,7,-78.95634548357035,0,2
2025-01-01 19:58:00,0,0,526.8424175220237,0,-81.86825799239014,1,0
2025-01-01 19:59:00,0,0,523.3550617404593,0,-78.27344175711688,0,0
2025-01-01 20:00:00,0,0,519.2021081398673,0,-85.22185221425536,0,0
2025-01-01 20:01:00,0,0,516.9160708165931,0,-88.66749380354011,0,0
2025-01-01 20:02:00,1,1,520.823948749864,3,-66.29942294889926,0,3
2025-01-01 20:03:00,0,0,518.1269000186049,0,-88.72187623259707,0,0
2025-01-01 20:04:00,0,0,514.412120223806,0,-82.98995451041472,0,0
2025-01-01 20:05:00,0,0,511.3629218702355,0,-89.11382493616371,0,0
2025-01-01 20:06:00,0,0,506.52293283165716,0,-75.78920222242594,0,0
2025-01-01 20:07:00,0,0,502.6679222273787,0,-84.6026316256256,0,0
2025-01-01 20:08:00,1,1,503.3910909434207,3,-55.36548868986084,0,1
2025-01-01 20:09:00,0,0,498.4229791363869,0,-87.66451022357134,0,0
2025-01-01 20:10:00,0,0,493.8340293992689,0,-83.25668990108535,0,0
2025-01-01 20:11:00,0,0,490.11383193544856,0,-79.4400905421873,0,0
2025-01-01 20:12:00,1,0,494.6950168416908,3,-87.76993944977838,1,1
2025-01-01 20:13:00,1,1,506.82396438632315,3,-50.21631071300366,0,0
2025-01-01 20:14:00,0,0,502.5743919709533,0,-82.9626960910228,0,0
2025-01-01 20:15:00,0,0,499.5392550020332,0,-74.7993896423817,0,0
2025-01-01 20:16:00,0,0,496.28377051375924,0,-72.81594928333318,0,0
2025-01-01 20:17:00,0,0,494.5475334762215,0,-82.93093630396473,0,0
2025-01-01 20:18:00,0,0,491.324782770738,0,-87.83426909465757,0,0
2025-01-01 20:19:00,0,0,486.5602914791126,0,-76.44237624040734,0,0
2025-01-01 20:20:00,0,0,482.12945168726145,0,-88.18858483327868,0,0
2025-01-01 20:21:00,0,0,480.8152871022133,0,-88.50440584645645,0,0
2025-01-01 20:22:00,0,0,476.6006722900012,0,-85.57930368352271,1,0
2025-01-01 20:23:00,1,1,485.3987685341625,3,-65.37521126064358,0,1
2025-01-01 20:24:00,0,0,483.6594144428597,0,-79.08165356170778,0,0
2025-01-01 20:25:00,1,1,488.2681976918534,1,-68.13064135437318,0,2
2025-01-01 20:26:00,0,0,484.36743953615274,0,-74.86516809844011,0,0
2025-01-01 20:27:00,1,0,492.45582249164806,2,-71.19297185392128,0,2
2025-01-01 20:28:00,0,0,488.1818574997495,0,-75.19222173144317,0,0
2025-01-01 20:29:00,0,0,483.4237247945305,0,-79.99974192996295,0,0
2025-01-01 20:30:00,0,0,478.6513576112,0,-81.03834495964375,0,0
2025-01-01 20:31:00,0,0,477.36109396734696,0,-89.41517494827242,0,0
2025-01-01 20:32:00,0,0,475.6802614977957,0,-77.56576769667863,0,0
2025-01-01 20:33:00,0,0,471.20632879481127,0,-74.0778914578275,0,0
2025-01-01 20:34:00,1,1,480.673811963561,3,-69.95273440355383,0,2
2025-01-01 20:35:00,0,0,477.76323762705874,0,-86.11288033209587,0,0
2025-01-01 20:36:00,0,0,475.3271718216195,0,-81.64759680078743,0,0
2025-01-01 20:37:00,1,0,480.0095386066275,1,-70.85241570361497,0,1
2025-01-01 20:38:00,0,0,478.42904678337544,0,-84.87185823376134,0,0
2025-01-01 20:39:00,0,0,474.9471829050412,0,-75.8200576567742,0,0
2025-01-01 20:40:00,0,0,473.0302062870578,0,-83.31710293209903,0,0
2025-01-01 20:41:00,1,1,476.7896458781996,7,-51.29733142557916,0,5
2025-01-01 20:42:00,1,0,479.864097755782,4,-80.5097552300183,0,1
2025-01-01 20:43:00,0,0,475.33679761747635,0,-86.68922487860061,0,0
2025-01-01 20:44:00,0,0,473.44734612095783,0,-82.12558114057167,0,0
2025-01-01 20:45:00,1,1,482.72902436501056,2,-52.03733888012245,0,0
2025-01-01 20:46:00,0,0,480.9588798939355,0,-89.6318084912256,0,0
2025-01-01 20:47:00,0,0,477.71613980797076,0,-76.06827881623038,0,0
2025-01-01 20:48:00,1,0,482.17720196705585,5,-82.48572058574183,0,4
2025-01-01 20:49:00,1,1,494.77598880031115,5,-54.6709881932189,0,4
2025-01-01 20:50:00,1,0,500.15762950002016,0,-72.80703418206596,0,1
2025-01-01 20:51:00,0,0,497.97982200231877,0,-80.5111603136604,0,0
2025-01-01 20:52:00,1,1,507.2388877393607,2,-59.78385791940263,0,2
2025-01-01 20:53:00,0,0,504.71185527761037,0,-82.40342518774918,0,0
2025-01-01 20:54:00,0,0,501.5149670794693,0,-79.74071954509276,0,0
2025-01-01 20:55:00,1,0,508.8910682325808,2,-83.55200060919184,0,4
2025-01-01 20:56:00,0,0,505.42632758178866,0,-81.13568844562506,0,0
2025-01-01 20:57:00,0,0,501.94116785499193,0,-76.11500208715957,0,0
2025-01-01 20:58:00,0,0,498.54401592489927,0,-85.88580133286945,0,0
2025-01-01 20:59:00,0,0,495.3076357785143,0,-75.54098567286908,0,0
2025-01-01 21:00:00,1,0,505.2868549021128,5,-80.85253483540902,0,0
2025-01-01 21:01:00,1,1,510.453141341022,3,-64.85116381823092,1,5
2025-01-01 21:02:00,0,0,509.4509654256494,0,-79.970323974646,0,0
2025-01-01 21:03:00,0,0,505.81216240821135,0,-77.98903950952081,0,0
2025-01-01 21:04:00,0,0,502.4092285167752,0,-76.71599407821915,0,0
2025-01-01 21:05:00,0,0,499.7766088923849,0,-80.12721465143049,0,0
2025-01-01 21:06:00,0,0,496.5549248198932,0,-88.95825615130504,0,0
2025-01-01 21:07:00,0,0,494.094053760395,0,-89.67476739667306,0,0
2025-01-01 21:08:00,0,0,491.53513408564663,0,-88.29856075834488,0,0
2025-01-01 21:09:00,1,1,494.2814972533402,4,-52.52049016237423,0,3
2025-01-01 21:10:00,0,0,492.7696362179624,0,-71.53263684278642,0,0
2025-01-01 21:11:00,0,0,487.9285816370461,0,-89.26694204450024,0,0
2025-01-01 21:12:00,0,0,486.6113265258739,0,-72.54579532089093,0,0
2025-01-01 21:13:00,0,0,485.4864242482281,0,-72.34563502185742,0,0
2025-01-01 21:14:00,1,1,487.52185096038426,3,-57.55677216205745,0,0
2025-01-01 21:15:00,1,0,499.6924536954457,3,-84.26588955745716,0,1
2025-01-01 21:16:00,0,0,495.59674645315783,0,-71.94754415858405,0,0
2025-01-01 21:17:00,1,1,497.5893135655522,2,-63.7143266880413,0,4
2025-01-01 21:18:00,0,0,492.78261745472565,0,-86.28496157056091,1,0
2025-01-01 21:19:00,1,0,504.87267516732436,1,-87.11205027462529,0,2
2025-01-01 21:20:00,0,0,503.21648285743817,0,-73.21409576470207,0,0
2025-01-01 21:21:00,1,0,514.0036275608718,3,-82.89797432512118,0,0
2025-01-01 21:22:00,0,0,509.9187424253264,0,-83.3906642298942,0,0
2025-01-01 21:23:00,0,0,508.36018406409266,0,-75.26037605278846,0,0
2025-01-01 21:24:00,1,0,515.4761596705272,4,-82.66484649939761,1,2
2025-01-01 21:25:00,0,0,510.61140496766626,0,-80.21646269777673,0,0
2025-01-01 21:26:00,1,1,520.5713875524239,2,-61.69776564187267,0,1
2025-01-01 21:27:00,0,0,516.3710711608442,0,-76.95710379962753,0,0
2025-01-01 21:28:00,0,0,513.4495053152681,0,-70.32499117488682,0,0
2025-01-01 21:29:00,1,0,519.9169307205253,5,-75.29070441223502,0,2
2025-01-01 21:30:00,1,0,531.8405361123993,4,-88.91150107635923,0,1
2025-01-01 21:31:00,0,0,530.8251270537097,0,-73.08373578651003,0,0
2025-01-01 21:32:00,0,0,529.7468361851712,0,-81.75893800556884,1,0
2025-01-01 21:33:00,1,1,535.6424405505918,3,-62.382919556994324,0,2
2025-01-01 21:34:00,0,0,533.7006525453077,0,-86.78285020751093,0,0
2025-01-01 21:35:00,0,0,531.1829140347043,0,-74.08376543407536,1,0
2025-01-01 21:36:00,1,0,539.6811106738131,3,-89.96293812743195,0,1
2025-01-01 21:37:00,0,0,535.9908756169866,0,-76.04072443520286,1,0
2025-01-01 21:38:00,1,0,543.2368286236197,2,-84.09687619740092,0,2
2025-01-01 21:39:00,0,0,540.2088844469852,0,-73.24272292788227,0,0
2025-01-01 21:40:00,0,0,538.7293546287309,0,-81.4659412588405,0,0
2025-01-01 21:41:00,0,0,534.2127263982818,0,-86.05776289015627,0,0
2025-01-01 21:42:00,0,0,530.6568981721555,0,-74.84605433789915,0,0
2025-01-01 21:43:00,0,0,528.3407935412694,0,-77.75219763392299,0,0
2025-01-01 21:44:00,0,0,523.6558835126726,0,-73.96566773703734,0,0
2025-01-01 21:45:00,0,0,519.1784943022072,0,-89.4406926509825,0,0
2025-01-01 21:46:00,0,0,517.9044710072569,0,-77.5665637708822,1,0
2025-01-01 21:47:00,1,1,524.3686321005945,4,-50.539739284051635,0,1
2025-01-01 21:48:00,0,0,520.7924256573305,0,-79.19226141989103,0,0
2025-01-01 21:49:00,0,0,519.1633496135878,0,-86.29596454461893,0,0
2025-01-01 21:50:00,1,0,526.2888537329047,4,-78.24091040301434,0,1
2025-01-01 21:51:00,1,0,528.1865209317031,2,-73.58042546531838,0,3
2025-01-01 21:52:00,1,1,533.2032255807086,4,-55.06624462663556,0,5
2025-01-01 21:53:00,0,0,531.641430476603,0,-71.90677394326087,0,0
2025-01-01 21:54:00,0,0,530.044893942808,0,-79.12325333786592,0,0
2025-01-01 21:55:00,0,0,527.6812289354275,0,-70.50756918324988,0,0
2025-01-01 21:56:00,1,0,533.6182036077531,2,-87.45214942471756,1,2
2025-01-01 21:57:00,0,0,529.4404780515225,0,-84.51157132053189,0,0
2025-01-01 21:58:00,0,0,525.597789878675,0,-86.67518328118746,0,0
2025-01-01 21:59:00,0,0,521.7677383006401,0,-78.32766098966843,0,0
2025-01-01 22:00:00,0,0,518.4101718665769,0,-70.76388257452146,1,0
2025-01-01 22:01:00,1,0,527.0320257718464,2,-73.18692937620484,0,3
2025-01-01 22:02:00,1,1,535.6037258397708,5,-65.98771445729176,0,3
2025-01-01 22:03:00,0,0,532.5734377880153,0,-74.22424223651745,0,0
2025-01-01 22:04:00,1,0,542.6969177339864,2,-84.98088247537333,0,0
2025-01-01 22:05:00,1,0,551.760246725323,2,-71.22636914468319,0,3
2025-01-01 22:06:00,0,0,549.6254399360402,0,-78.45639369699605,0,0
2025-01-01 22:07:00,1,0,556.1041737424924,1,-75.96375185880545,0,1
2025-01-01 22:08:00,0,0,551.5855787720046,0,-87.08960873172919,0,0
2025-01-01 22:09:00,0,0,549.3216611717183,0,-83.98144554638999,0,0
2025-01-01 22:10:00,0,0,546.1732086825543,0,-81.21624606385654,0,0
2025-01-01 22:11:00,0,0,542.0060048267482,0,-76.46974899304024,0,0
2025-01-01 22:12:00,0,0,539.3766705842181,0,-73.78564180539382,1,0
2025-01-01 22:13:00,0,0,534.7675418200074,0,-79.35075918653664,1,0
2025-01-01 22:14:00,0,0,531.7871916373387,0,-79.25250456590366,0,0
2025-01-01 22:15:00,1,0,542.2720652801341,1,-70.37695048180154,0,3
2025-01-01 22:16:00,1,0,545.553640891281,2,-78.11399300670489,1,2
2025-01-01 22:17:00,1,0,548.8286558716554,2,-89.22150022915415,0,2
2025-01-01 22:18:00,0,0,544.907514263313,0,-88.81272594270895,0,0
2025-01-01 22:19:00,1,1,556.2414298058591,3,-57.54608838780014,0,3
2025-01-01 22:20:00,0,0,555.0284067381288,0,-83.60603655672003,0,0
2025-01-01 22:21:00,1,0,561.977306523541,5,-78.14034592773248,0,2
2025-01-01 22:22:00,0,0,560.7690835122617,0,-84.15198876062145,0,0
2025-01-01 22:23:00,0,0,558.6007298214324,0,-79.09505949474337,0,0
2025-01-01 22:24:00,1,1,566.0784057220374,4,-57.93073873966371,0,1
2025-01-01 22:25:00,1,0,568.7971913273955,3,-76.54813246397738,1,4
2025-01-01 22:26:00,1,1,573.9581658985977,4,-62.64311859475343,0,2
2025-01-01 22:27:00,0,0,572.1284437129868,0,-83.76672519578514,0,0
2025-01-01 22:28:00,1,0,580.5597587513203,0,-70.42956744296359,0,2
2025-01-01 22:29:00,1,0,586.4071430748796,6,-83.1257663936705,0,2
2025-01-01 22:30:00,0,0,584.7397472120631,0,-88.56748906620449,1,0
2025-01-01 22:31:00,1,0,589.6150150695831,5,-73.88793233996978,1,3
2025-01-01 22:32:00,0,0,586.9202753590115,0,-79.13976124407893,0,0
2025-01-01 22:33:00,1,0,593.1158111068669,1,-74.5899149652105,0,0
2025-01-01 22:34:00,1,1,604.9797480940131,6,-67.06307395942714,0,1
2025-01-01 22:35:00,0,0,601.3576421342257,0,-80.2829834857111,0,0
2025-01-01 22:36:00,0,0,597.8374552160233,0,-78.25418515638209,1,0
2025-01-01 22:37:00,0,0,596.2204605618577,0,-73.67901461318726,0,0
2025-01-01 22:38:00,0,0,594.4052834630763,0,-78.20513945365612,0,0
2025-01-01 22:39:00,1,1,605.4451921494702,3,-53.092075372430266,0,2
2025-01-01 22:40:00,1,1,610.2595644591001,2,-68.3203269455578,0,1
2025-01-01 22:41:00,0,0,608.347530220278,0,-76.70736558827477,0,0
2025-01-01 22:42:00,1,1,619.432851998613,2,-58.45736283690482,0,4
2025-01-01 22:43:00,0,0,616.4115757413284,0,-76.06087459505115,0,0
2025-01-01 22:44:00,0,0,612.0464865655517,0,-72.73626974118247,0,0
2025-01-01 22:45:00,0,0,609.97252501496,0,-87.5198343616371,0,0
2025-01-01 22:46:00,1,0,616.3568186969634,5,-70.77717936263008,0,4
2025-01-01 22:47:00,0,0,611.567145147019,0,-74.74770339016034,0,0
2025-01-01 22:48:00,0,0,610.3044618834392,0,-80.01090767683971,0,0
2025-01-01 22:49:00,0,0,609.1847855781459,0,-71.30941269564345,0,0
2025-01-01 22:50:00,0,0,605.1894926114026,0,-81.09367246662282,0,0
2025-01-01 22:51:00,0,0,601.4552958035384,0,-74.73828790018378,0,0
2025-01-01 22:52:00,0,0,599.2917732555843,0,-81.11667393300824,0,0
2025-01-01 22:53:00,0,0,596.5766175180515,0,-88.71640785342129,0,0
2025-01-01 22:54:00,0,0,593.3572419179922,0,-81.76955189811528,0,0
2025-01-01 22:55:00,0,0,589.5181740843301,0,-72.68352779938336,0,0
2025-01-01 22:56:00,0,0,585.5058248258674,0,-87.58231957946384,0,0
2025-01-01 22:57:00,0,0,581.2750772575448,0,-79.08388296194359,0,0
2025-01-01 22:58:00,0,0,579.7947538270081,0,-80.33742267367965,0,0
2025-01-01 22:59:00,1,0,584.2475793259503,3,-74.70058577004198,0,3
2025-01-01 23:00:00,0,0,580.8189606059692,0,-72.16889151537228,0,0
2025-01-01 23:01:00,0,0,575.8685958711318,0,-82.10156559172705,0,0
2025-01-01 23:02:00,0,0,571.0707951726129,0,-83.38328688799557,0,0
2025-01-01 23:03:00,0,0,568.4800624174495,0,-77.83967582863391,0,0
2025-01-01 23:04:00,1,1,574.0691743316381,3,-62.20624317238782,0,1
2025-01-01 23:05:00,1,1,581.359909427505,2,-69.62079900781113,0,1
2025-01-01 23:06:00,0,0,578.5957932118886,0,-82.51933005865348,0,0
2025-01-01 23:07:00,0,0,574.969041031946,0,-88.55599985270894,0,0
2025-01-01 23:08:00,1,0,578.5170654169478,5,-89.53125567926115,0,1
2025-01-01 23:09:00,0,0,574.1497755364272,0,-83.53714500300465,0,0
2025-01-01 23:10:00,0,0,571.6035798646266,0,-78.59108587955278,1,0
2025-01-01 23:11:00,0,0,567.3260577355811,0,-83.65888552951473,0,0
2025-01-01 23:12:00,1,1,571.684890603361,2,-59.645409278132874,1,0
2025-01-01 23:13:00,1,1,576.213707363768,1,-68.75026252142952,0,1
2025-01-01 23:14:00,0,0,573.9073811430321,0,-85.70559232995541,0,0
2025-01-01 23:15:00,0,0,569.8994669171626,0,-84.67322779496061,0,0
2025-01-01 23:16:00,0,0,565.821576224634,0,-86.90361224057628,0,0
2025-01-01 23:17:00,0,0,563.720023233006,0,-81.36659648817987,0,0
2025-01-01 23:18:00,0,0,561.014975507596,0,-89.1144145854533,0,0
2025-01-01 23:19:00,0,0,558.2379681680683,0,-89.52385843987362,0,0
2025-01-01 23:20:00,0,0,556.7300733445006,0,-82.74249757881631,0,0
2025-01-01 23:21:00,1,1,564.3873412583505,2,-55.93703146180369,0,1
2025-01-01 23:22:00,1,0,569.5296321247434,2,-76.08618444519412,0,4
2025-01-01 23:23:00,0,0,566.7083350793863,0,-82.16830588922706,0,0
2025-01-01 23:24:00,0,0,561.9292066285637,0,-81.48043818091408,0,0
2025-01-01 23:25:00,0,0,560.2633144376712,0,-70.60015144916993,0,0
2025-01-01 23:26:00,0,0,558.5723236944825,0,-75.67566287369571,0,0
2025-01-01 23:27:00,1,0,567.9950873065121,0,-73.19708759758991,0,0
2025-01-01 23:28:00,0,0,563.6937627859945,0,-72.54767392454202,1,0
2025-01-01 23:29:00,0,0,560.4010534890208,0,-82.11023115891597,0,0
2025-01-01 23:30:00,0,0,558.7043306057101,0,-85.6726712877534,1,0
2025-01-01 23:31:00,1,0,563.7458702557984,2,-80.7245227103316,1,1
2025-01-01 23:32:00,0,0,559.4288967290788,0,-81.69404132666095,0,0
2025-01-01 23:33:00,0,0,554.8462772390162,0,-82.75130081228079,0,0
2025-01-01 23:34:00,1,0,560.8923120847461,3,-83.55733843576792,0,2
2025-01-01 23:35:00,0,0,559.7484526402075,0,-79.63090813238415,0,0
2025-01-01 23:36:00,0,0,555.5012641704667,0,-87.35963484165053,1,0
2025-01-01 23:37:00,0,0,550.8645548565256,0,-70.34051728901778,0,0
2025-01-01 23:38:00,1,0,556.3999963361659,3,-87.95775361491293,0,2
2025-01-01 23:39:00,1,1,560.4759314172151,5,-60.12058838965438,1,0
2025-01-01 23:40:00,0,0,559.133217796234,0,-83.78980463196045,0,0
2025-01-01 23:41:00,1,0,562.952307712621,2,-72.34568736203748,0,2
2025-01-01 23:42:00,1,0,567.2743012390491,3,-73.60131180640455,0,2
2025-01-01 23:43:00,0,0,564.1626164633778,0,-89.64041482398649,0,0
2025-01-01 23:44:00,0,0,561.8719252290988,0,-79.6755828919593,0,0
2025-01-01 23:45:00,0,0,558.3084454933594,0,-84.84783637461184,0,0
2025-01-01 23:46:00,1,0,564.4465643722189,4,-81.88862773207718,0,2
2025-01-01 23:47:00,1,1,571.4160905907007,2,-66.9433767479034,0,2
2025-01-01 23:48:00,1,1,582.4236501108882,3,-52.80398583457432,0,3
2025-01-01 23:49:00,1,1,588.6407763198267,4,-66.55409832779479,0,1
2025-01-01 23:50:00,0,0,585.6245490831416,0,-71.7495189302049,0,0
2025-01-01 23:51:00,0,0,583.3683241014838,0,-86.14758847505868,0,0
2025-01-01 23:52:00,0,0,580.7263649551766,0,-81.5236535429515,0,0
2025-01-01 23:53:00,0,0,579.2157178431594,0,-89.19110236593848,1,0
2025-01-01 23:54:00,0,0,574.2906042860708,0,-70.56924350568079,1,0
2025-01-01 23:55:00,0,0,569.7143405588387,0,-85.07791099108167,0,0
2025-01-01 23:56:00,0,0,567.0468116329585,0,-81.03985218974825,0,0
2025-01-01 23:57:00,0,0,562.4392531838963,0,-77.81169164246973,0,0
2025-01-01 23:58:00,0,0,559.8790548688648,0,-83.09096124975527,0,0
2025-01-01 23:59:00,1,0,567.3486399703047,3,-87.0689982817304,0,0
